from,to,code
A-B-C-E-G-H-J-K-L,A0A,H5
A-B-C-E-G-H-J-K-L,A0B,H5
A-B-C-E-G-H-J-K-L,A0C,H5
A-B-C-E-G-H-J-K-L,A0E,H5
A-B-C-E-G-H-J-K-L,A0G,H5
A-B-C-E-G-H-J-K-L,A0H,H5
A-B-C-E-G-H-J-K-L,A0J,H5
A-B-C-E-G-H-J-K-L,A0K,H5
A-B-C-E-G-H-J-K-L,A0K,J2
A-B-C-E-G-H-J-K-L,A0L,H5
A-B-C-E-G-H-J-K-L,A0M,H5
A-B-C-E-G-H-J-K-L,A0N,H5
A-B-C-E-G-H-J-K-L,A0P,D1
A-B-C-E-G-H-J-K-L,A0P,J2
A-B-C-E-G-H-J-K-L,A0R,D1
A-B-C-E-G-H-J-K-L,A1A,G1
A-B-C-E-G-H-J-K-L,A1B,G1
A-B-C-E-G-H-J-K-L,A1C,G1
A-B-C-E-G-H-J-K-L,A1E,G1
A-B-C-E-G-H-J-K-L,A1G,G1
A-B-C-E-G-H-J-K-L,A1H,G1
A-B-C-E-G-H-J-K-L,A1K,H5
A-B-C-E-G-H-J-K-L,A1L,H5
A-B-C-E-G-H-J-K-L,A1M,H5
A-B-C-E-G-H-J-K-L,A1N,G1
A-B-C-E-G-H-J-K-L,A1S,H5
A-B-C-E-G-H-J-K-L,A1V,H5
A-B-C-E-G-H-J-K-L,A1W,H5
A-B-C-E-G-H-J-K-L,A1X,H5
A-B-C-E-G-H-J-K-L,A1Y,H5
A-B-C-E-G-H-J-K-L,A2A,H5
A-B-C-E-G-H-J-K-L,A2B,H5
A-B-C-E-G-H-J-K-L,A2H,H5
A-B-C-E-G-H-J-K-L,A2N,H5
A-B-C-E-G-H-J-K-L,A2V,D1
A-B-C-E-G-H-J-K-L,A5A,H5
A-B-C-E-G-H-J-K-L,A8A,H5
A-B-C-E-G-H-J-K-L,B0C,F3
A-B-C-E-G-H-J-K-L,B0E,F3
A-B-C-E-G-H-J-K-L,B0H,F3
A-B-C-E-G-H-J-K-L,B0J,F3
A-B-C-E-G-H-J-K-L,B0K,F3
A-B-C-E-G-H-J-K-L,B0L,F3
A-B-C-E-G-H-J-K-L,B0M,F3
A-B-C-E-G-H-J-K-L,B0N,F3
A-B-C-E-G-H-J-K-L,B0P,F3
A-B-C-E-G-H-J-K-L,B0R,F3
A-B-C-E-G-H-J-K-L,B0S,F3
A-B-C-E-G-H-J-K-L,B0T,F3
A-B-C-E-G-H-J-K-L,B0V,F3
A-B-C-E-G-H-J-K-L,B0W,F3
A-B-C-E-G-H-J-K-L,B1A,F1
A-B-C-E-G-H-J-K-L,B1B,F1
A-B-C-E-G-H-J-K-L,B1C,F1
A-B-C-E-G-H-J-K-L,B1E,F1
A-B-C-E-G-H-J-K-L,B1G,F1
A-B-C-E-G-H-J-K-L,B1H,F1
A-B-C-E-G-H-J-K-L,B1J,F1
A-B-C-E-G-H-J-K-L,B1K,F1
A-B-C-E-G-H-J-K-L,B1L,F1
A-B-C-E-G-H-J-K-L,B1M,E1
A-B-C-E-G-H-J-K-L,B1N,E1
A-B-C-E-G-H-J-K-L,B1P,E1
A-B-C-E-G-H-J-K-L,B1R,E1
A-B-C-E-G-H-J-K-L,B1S,E1
A-B-C-E-G-H-J-K-L,B1T,F1
A-B-C-E-G-H-J-K-L,B1V,F1
A-B-C-E-G-H-J-K-L,B1W,F1
A-B-C-E-G-H-J-K-L,B1X,F1
A-B-C-E-G-H-J-K-L,B1Y,F1
A-B-C-E-G-H-J-K-L,B2A,F1
A-B-C-E-G-H-J-K-L,B2C,F1
A-B-C-E-G-H-J-K-L,B2E,F1
A-B-C-E-G-H-J-K-L,B2G,F1
A-B-C-E-G-H-J-K-L,B2H,F1
A-B-C-E-G-H-J-K-L,B2J,F1
A-B-C-E-G-H-J-K-L,B2N,F1
A-B-C-E-G-H-J-K-L,B2R,F1
A-B-C-E-G-H-J-K-L,B2S,F1
A-B-C-E-G-H-J-K-L,B2T,F1
A-B-C-E-G-H-J-K-L,B2V,E1
A-B-C-E-G-H-J-K-L,B2W,E1
A-B-C-E-G-H-J-K-L,B2X,E1
A-B-C-E-G-H-J-K-L,B2Y,E1
A-B-C-E-G-H-J-K-L,B2Z,E1
A-B-C-E-G-H-J-K-L,B3A,E1
A-B-C-E-G-H-J-K-L,B3B,E1
A-B-C-E-G-H-J-K-L,B3E,F1
A-B-C-E-G-H-J-K-L,B3G,F1
A-B-C-E-G-H-J-K-L,B3H,E1
A-B-C-E-G-H-J-K-L,B3J,E1
A-B-C-E-G-H-J-K-L,B3K,E1
A-B-C-E-G-H-J-K-L,B3L,E1
A-B-C-E-G-H-J-K-L,B3M,E1
A-B-C-E-G-H-J-K-L,B3N,E1
A-B-C-E-G-H-J-K-L,B3P,E1
A-B-C-E-G-H-J-K-L,B3R,E1
A-B-C-E-G-H-J-K-L,B3S,E1
A-B-C-E-G-H-J-K-L,B3T,E1
A-B-C-E-G-H-J-K-L,B3V,E1
A-B-C-E-G-H-J-K-L,B3Z,E1
A-B-C-E-G-H-J-K-L,B4A,E1
A-B-C-E-G-H-J-K-L,B4B,E1
A-B-C-E-G-H-J-K-L,B4C,E1
A-B-C-E-G-H-J-K-L,B4E,E1
A-B-C-E-G-H-J-K-L,B4G,E1
A-B-C-E-G-H-J-K-L,B4H,F1
A-B-C-E-G-H-J-K-L,B4N,F1
A-B-C-E-G-H-J-K-L,B4P,F1
A-B-C-E-G-H-J-K-L,B4R,F1
A-B-C-E-G-H-J-K-L,B4V,F1
A-B-C-E-G-H-J-K-L,B5A,F1
A-B-C-E-G-H-J-K-L,B6L,F1
A-B-C-E-G-H-J-K-L,B9A,F1
A-B-C-E-G-H-J-K-L,C0A,F3
A-B-C-E-G-H-J-K-L,C0B,F3
A-B-C-E-G-H-J-K-L,C1A,E1
A-B-C-E-G-H-J-K-L,C1B,E1
A-B-C-E-G-H-J-K-L,C1C,E1
A-B-C-E-G-H-J-K-L,C1E,E1
A-B-C-E-G-H-J-K-L,C1N,F1
A-B-C-E-G-H-J-K-L,E1A,E1
A-B-C-E-G-H-J-K-L,E1B,E1
A-B-C-E-G-H-J-K-L,E1C,E1
A-B-C-E-G-H-J-K-L,E1E,E1
A-B-C-E-G-H-J-K-L,E1G,E1
A-B-C-E-G-H-J-K-L,E1H,E1
A-B-C-E-G-H-J-K-L,E1J,E1
A-B-C-E-G-H-J-K-L,E1N,F1
A-B-C-E-G-H-J-K-L,E1V,F1
A-B-C-E-G-H-J-K-L,E1W,F3
A-B-C-E-G-H-J-K-L,E1X,F3
A-B-C-E-G-H-J-K-L,E2A,F1
A-B-C-E-G-H-J-K-L,E2E,E1
A-B-C-E-G-H-J-K-L,E2G,E1
A-B-C-E-G-H-J-K-L,E2H,E1
A-B-C-E-G-H-J-K-L,E2J,E1
A-B-C-E-G-H-J-K-L,E2K,E1
A-B-C-E-G-H-J-K-L,E2L,E1
A-B-C-E-G-H-J-K-L,E2M,E1
A-B-C-E-G-H-J-K-L,E2N,E1
A-B-C-E-G-H-J-K-L,E2P,E1
A-B-C-E-G-H-J-K-L,E2R,E1
A-B-C-E-G-H-J-K-L,E2S,E1
A-B-C-E-G-H-J-K-L,E2V,F1
A-B-C-E-G-H-J-K-L,E3A,E1
A-B-C-E-G-H-J-K-L,E3B,E1
A-B-C-E-G-H-J-K-L,E3C,E1
A-B-C-E-G-H-J-K-L,E3E,E1
A-B-C-E-G-H-J-K-L,E3G,E1
A-B-C-E-G-H-J-K-L,E3L,F1
A-B-C-E-G-H-J-K-L,E3N,F1
A-B-C-E-G-H-J-K-L,E3V,F1
A-B-C-E-G-H-J-K-L,E3Y,F3
A-B-C-E-G-H-J-K-L,E3Z,F3
A-B-C-E-G-H-J-K-L,E4A,F3
A-B-C-E-G-H-J-K-L,E4B,F3
A-B-C-E-G-H-J-K-L,E4C,F3
A-B-C-E-G-H-J-K-L,E4E,F3
A-B-C-E-G-H-J-K-L,E4G,F3
A-B-C-E-G-H-J-K-L,E4H,F3
A-B-C-E-G-H-J-K-L,E4J,F3
A-B-C-E-G-H-J-K-L,E4K,F3
A-B-C-E-G-H-J-K-L,E4L,F3
A-B-C-E-G-H-J-K-L,E4M,F3
A-B-C-E-G-H-J-K-L,E4N,F3
A-B-C-E-G-H-J-K-L,E4P,F3
A-B-C-E-G-H-J-K-L,E4R,F3
A-B-C-E-G-H-J-K-L,E4S,F3
A-B-C-E-G-H-J-K-L,E4T,F3
A-B-C-E-G-H-J-K-L,E4V,F3
A-B-C-E-G-H-J-K-L,E4W,F3
A-B-C-E-G-H-J-K-L,E4X,F3
A-B-C-E-G-H-J-K-L,E4Y,F3
A-B-C-E-G-H-J-K-L,E4Z,F3
A-B-C-E-G-H-J-K-L,E5A,F3
A-B-C-E-G-H-J-K-L,E5B,F3
A-B-C-E-G-H-J-K-L,E5C,F3
A-B-C-E-G-H-J-K-L,E5E,F3
A-B-C-E-G-H-J-K-L,E5G,F3
A-B-C-E-G-H-J-K-L,E5H,F3
A-B-C-E-G-H-J-K-L,E5J,F3
A-B-C-E-G-H-J-K-L,E5K,F3
A-B-C-E-G-H-J-K-L,E5L,F3
A-B-C-E-G-H-J-K-L,E5M,F3
A-B-C-E-G-H-J-K-L,E5N,F3
A-B-C-E-G-H-J-K-L,E5P,F3
A-B-C-E-G-H-J-K-L,E5R,F3
A-B-C-E-G-H-J-K-L,E5S,F3
A-B-C-E-G-H-J-K-L,E5T,F3
A-B-C-E-G-H-J-K-L,E5V,F3
A-B-C-E-G-H-J-K-L,E6A,F3
A-B-C-E-G-H-J-K-L,E6B,F3
A-B-C-E-G-H-J-K-L,E6C,F3
A-B-C-E-G-H-J-K-L,E6E,F3
A-B-C-E-G-H-J-K-L,E6G,F3
A-B-C-E-G-H-J-K-L,E6H,F3
A-B-C-E-G-H-J-K-L,E6J,F3
A-B-C-E-G-H-J-K-L,E6K,F3
A-B-C-E-G-H-J-K-L,E6L,F3
A-B-C-E-G-H-J-K-L,E7A,F3
A-B-C-E-G-H-J-K-L,E7B,F3
A-B-C-E-G-H-J-K-L,E7C,F3
A-B-C-E-G-H-J-K-L,E7E,F3
A-B-C-E-G-H-J-K-L,E7G,F3
A-B-C-E-G-H-J-K-L,E7H,F3
A-B-C-E-G-H-J-K-L,E7J,F3
A-B-C-E-G-H-J-K-L,E7K,F3
A-B-C-E-G-H-J-K-L,E7L,F3
A-B-C-E-G-H-J-K-L,E7M,F3
A-B-C-E-G-H-J-K-L,E7N,F3
A-B-C-E-G-H-J-K-L,E7P,F3
A-B-C-E-G-H-J-K-L,E8A,F3
A-B-C-E-G-H-J-K-L,E8B,F3
A-B-C-E-G-H-J-K-L,E8C,F3
A-B-C-E-G-H-J-K-L,E8E,F3
A-B-C-E-G-H-J-K-L,E8G,F3
A-B-C-E-G-H-J-K-L,E8J,F3
A-B-C-E-G-H-J-K-L,E8K,F3
A-B-C-E-G-H-J-K-L,E8L,F3
A-B-C-E-G-H-J-K-L,E8M,F3
A-B-C-E-G-H-J-K-L,E8N,F3
A-B-C-E-G-H-J-K-L,E8P,F3
A-B-C-E-G-H-J-K-L,E8R,F3
A-B-C-E-G-H-J-K-L,E8S,F3
A-B-C-E-G-H-J-K-L,E8T,F3
A-B-C-E-G-H-J-K-L,E9A,F3
A-B-C-E-G-H-J-K-L,E9B,F3
A-B-C-E-G-H-J-K-L,E9C,F3
A-B-C-E-G-H-J-K-L,E9E,F3
A-B-C-E-G-H-J-K-L,E9G,F3
A-B-C-E-G-H-J-K-L,E9H,F3
A-B-C-E-G-H-J-K-L,G0A,D1
A-B-C-E-G-H-J-K-L,G0C,D1
A-B-C-E-G-H-J-K-L,G0E,D1
A-B-C-E-G-H-J-K-L,G0G,D1
A-B-C-E-G-H-J-K-L,G0G,J2
A-B-C-E-G-H-J-K-L,G0H,D1
A-B-C-E-G-H-J-K-L,G0J,D1
A-B-C-E-G-H-J-K-L,G0K,D1
A-B-C-E-G-H-J-K-L,G0L,D1
A-B-C-E-G-H-J-K-L,G0M,D1
A-B-C-E-G-H-J-K-L,G0N,D1
A-B-C-E-G-H-J-K-L,G0P,D1
A-B-C-E-G-H-J-K-L,G0R,D1
A-B-C-E-G-H-J-K-L,G0S,D1
A-B-C-E-G-H-J-K-L,G0T,D1
A-B-C-E-G-H-J-K-L,G0V,D1
A-B-C-E-G-H-J-K-L,G0W,D1
A-B-C-E-G-H-J-K-L,G0X,D1
A-B-C-E-G-H-J-K-L,G0Y,D1
A-B-C-E-G-H-J-K-L,G0Z,D1
A-B-C-E-G-H-J-K-L,G1A,B1
A-B-C-E-G-H-J-K-L,G1B,B1
A-B-C-E-G-H-J-K-L,G1C,B1
A-B-C-E-G-H-J-K-L,G1E,B1
A-B-C-E-G-H-J-K-L,G1G,B1
A-B-C-E-G-H-J-K-L,G1H,B1
A-B-C-E-G-H-J-K-L,G1J,B1
A-B-C-E-G-H-J-K-L,G1K,B1
A-B-C-E-G-H-J-K-L,G1L,B1
A-B-C-E-G-H-J-K-L,G1M,B1
A-B-C-E-G-H-J-K-L,G1N,B1
A-B-C-E-G-H-J-K-L,G1P,B1
A-B-C-E-G-H-J-K-L,G1R,B1
A-B-C-E-G-H-J-K-L,G1S,B1
A-B-C-E-G-H-J-K-L,G1T,B1
A-B-C-E-G-H-J-K-L,G1V,B1
A-B-C-E-G-H-J-K-L,G1W,B1
A-B-C-E-G-H-J-K-L,G1X,B1
A-B-C-E-G-H-J-K-L,G1Y,B1
A-B-C-E-G-H-J-K-L,G2A,B1
A-B-C-E-G-H-J-K-L,G2B,B1
A-B-C-E-G-H-J-K-L,G2C,B1
A-B-C-E-G-H-J-K-L,G2E,B1
A-B-C-E-G-H-J-K-L,G2G,B1
A-B-C-E-G-H-J-K-L,G2J,B1
A-B-C-E-G-H-J-K-L,G2K,B1
A-B-C-E-G-H-J-K-L,G2L,B1
A-B-C-E-G-H-J-K-L,G2M,B1
A-B-C-E-G-H-J-K-L,G2N,B1
A-B-C-E-G-H-J-K-L,G3A,B1
A-B-C-E-G-H-J-K-L,G3B,B1
A-B-C-E-G-H-J-K-L,G3C,B1
A-B-C-E-G-H-J-K-L,G3E,B1
A-B-C-E-G-H-J-K-L,G3G,B1
A-B-C-E-G-H-J-K-L,G3H,D1
A-B-C-E-G-H-J-K-L,G3J,B1
A-B-C-E-G-H-J-K-L,G3K,B1
A-B-C-E-G-H-J-K-L,G3L,D1
A-B-C-E-G-H-J-K-L,G3M,D1
A-B-C-E-G-H-J-K-L,G3N,D1
A-B-C-E-G-H-J-K-L,G3Z,D1
A-B-C-E-G-H-J-K-L,G4A,D1
A-B-C-E-G-H-J-K-L,G4R,D1
A-B-C-E-G-H-J-K-L,G4S,D1
A-B-C-E-G-H-J-K-L,G4T,D1
A-B-C-E-G-H-J-K-L,G4V,D1
A-B-C-E-G-H-J-K-L,G4W,D1
A-B-C-E-G-H-J-K-L,G4X,D1
A-B-C-E-G-H-J-K-L,G4Z,D1
A-B-C-E-G-H-J-K-L,G5A,D1
A-B-C-E-G-H-J-K-L,G5B,D1
A-B-C-E-G-H-J-K-L,G5C,D1
A-B-C-E-G-H-J-K-L,G5H,D1
A-B-C-E-G-H-J-K-L,G5J,D1
A-B-C-E-G-H-J-K-L,G5L,D1
A-B-C-E-G-H-J-K-L,G5M,D1
A-B-C-E-G-H-J-K-L,G5N,D1
A-B-C-E-G-H-J-K-L,G5R,D1
A-B-C-E-G-H-J-K-L,G5T,D1
A-B-C-E-G-H-J-K-L,G5V,D1
A-B-C-E-G-H-J-K-L,G5X,D1
A-B-C-E-G-H-J-K-L,G5Y,D1
A-B-C-E-G-H-J-K-L,G5Z,D1
A-B-C-E-G-H-J-K-L,G6A,D1
A-B-C-E-G-H-J-K-L,G6B,D1
A-B-C-E-G-H-J-K-L,G6C,D1
A-B-C-E-G-H-J-K-L,G6E,D1
A-B-C-E-G-H-J-K-L,G6G,D1
A-B-C-E-G-H-J-K-L,G6H,D1
A-B-C-E-G-H-J-K-L,G6J,D1
A-B-C-E-G-H-J-K-L,G6K,D1
A-B-C-E-G-H-J-K-L,G6L,D1
A-B-C-E-G-H-J-K-L,G6P,D1
A-B-C-E-G-H-J-K-L,G6R,D1
A-B-C-E-G-H-J-K-L,G6S,D1
A-B-C-E-G-H-J-K-L,G6T,D1
A-B-C-E-G-H-J-K-L,G6V,B1
A-B-C-E-G-H-J-K-L,G6W,B1
A-B-C-E-G-H-J-K-L,G6X,B1
A-B-C-E-G-H-J-K-L,G6Y,B1
A-B-C-E-G-H-J-K-L,G6Z,D1
A-B-C-E-G-H-J-K-L,G7A,D1
A-B-C-E-G-H-J-K-L,G7B,B3
A-B-C-E-G-H-J-K-L,G7G,B3
A-B-C-E-G-H-J-K-L,G7H,B3
A-B-C-E-G-H-J-K-L,G7J,B3
A-B-C-E-G-H-J-K-L,G7K,B3
A-B-C-E-G-H-J-K-L,G7N,D1
A-B-C-E-G-H-J-K-L,G7P,D1
A-B-C-E-G-H-J-K-L,G7S,B3
A-B-C-E-G-H-J-K-L,G7T,B3
A-B-C-E-G-H-J-K-L,G7X,B3
A-B-C-E-G-H-J-K-L,G7Y,B3
A-B-C-E-G-H-J-K-L,G7Z,B3
A-B-C-E-G-H-J-K-L,G8A,B3
A-B-C-E-G-H-J-K-L,G8B,D1
A-B-C-E-G-H-J-K-L,G8C,D1
A-B-C-E-G-H-J-K-L,G8E,D1
A-B-C-E-G-H-J-K-L,G8G,D1
A-B-C-E-G-H-J-K-L,G8H,D1
A-B-C-E-G-H-J-K-L,G8J,D1
A-B-C-E-G-H-J-K-L,G8K,D1
A-B-C-E-G-H-J-K-L,G8L,D1
A-B-C-E-G-H-J-K-L,G8M,D1
A-B-C-E-G-H-J-K-L,G8N,D1
A-B-C-E-G-H-J-K-L,G8P,D1
A-B-C-E-G-H-J-K-L,G8T,D1
A-B-C-E-G-H-J-K-L,G8V,D1
A-B-C-E-G-H-J-K-L,G8W,D1
A-B-C-E-G-H-J-K-L,G8Y,B3
A-B-C-E-G-H-J-K-L,G8Z,B3
A-B-C-E-G-H-J-K-L,G9A,B3
A-B-C-E-G-H-J-K-L,G9B,B3
A-B-C-E-G-H-J-K-L,G9C,B3
A-B-C-E-G-H-J-K-L,G9H,D1
A-B-C-E-G-H-J-K-L,G9N,D1
A-B-C-E-G-H-J-K-L,G9P,D1
A-B-C-E-G-H-J-K-L,G9R,D1
A-B-C-E-G-H-J-K-L,G9T,D1
A-B-C-E-G-H-J-K-L,G9X,D1
A-B-C-E-G-H-J-K-L,H0M,D1
A-B-C-E-G-H-J-K-L,H0R,A3
A-B-C-E-G-H-J-K-L,H1A,A3
A-B-C-E-G-H-J-K-L,H1B,A3
A-B-C-E-G-H-J-K-L,H1C,A3
A-B-C-E-G-H-J-K-L,H1E,A3
A-B-C-E-G-H-J-K-L,H1G,A3
A-B-C-E-G-H-J-K-L,H1H,A3
A-B-C-E-G-H-J-K-L,H1J,A3
A-B-C-E-G-H-J-K-L,H1K,A3
A-B-C-E-G-H-J-K-L,H1L,A3
A-B-C-E-G-H-J-K-L,H1M,A3
A-B-C-E-G-H-J-K-L,H1N,A3
A-B-C-E-G-H-J-K-L,H1P,A3
A-B-C-E-G-H-J-K-L,H1R,A3
A-B-C-E-G-H-J-K-L,H1S,A3
A-B-C-E-G-H-J-K-L,H1T,A3
A-B-C-E-G-H-J-K-L,H1V,A3
A-B-C-E-G-H-J-K-L,H1W,A3
A-B-C-E-G-H-J-K-L,H1X,A3
A-B-C-E-G-H-J-K-L,H1Y,A3
A-B-C-E-G-H-J-K-L,H1Z,A3
A-B-C-E-G-H-J-K-L,H2A,A3
A-B-C-E-G-H-J-K-L,H2B,A3
A-B-C-E-G-H-J-K-L,H2C,A3
A-B-C-E-G-H-J-K-L,H2E,A3
A-B-C-E-G-H-J-K-L,H2G,A3
A-B-C-E-G-H-J-K-L,H2H,A3
A-B-C-E-G-H-J-K-L,H2J,A3
A-B-C-E-G-H-J-K-L,H2K,A3
A-B-C-E-G-H-J-K-L,H2L,A3
A-B-C-E-G-H-J-K-L,H2M,A3
A-B-C-E-G-H-J-K-L,H2N,A3
A-B-C-E-G-H-J-K-L,H2P,A3
A-B-C-E-G-H-J-K-L,H2R,A3
A-B-C-E-G-H-J-K-L,H2S,A3
A-B-C-E-G-H-J-K-L,H2T,A3
A-B-C-E-G-H-J-K-L,H2V,A3
A-B-C-E-G-H-J-K-L,H2W,A3
A-B-C-E-G-H-J-K-L,H2X,A3
A-B-C-E-G-H-J-K-L,H2Y,A3
A-B-C-E-G-H-J-K-L,H2Z,A3
A-B-C-E-G-H-J-K-L,H3A,A3
A-B-C-E-G-H-J-K-L,H3B,A3
A-B-C-E-G-H-J-K-L,H3C,A3
A-B-C-E-G-H-J-K-L,H3E,A3
A-B-C-E-G-H-J-K-L,H3G,A3
A-B-C-E-G-H-J-K-L,H3H,A3
A-B-C-E-G-H-J-K-L,H3J,A3
A-B-C-E-G-H-J-K-L,H3K,A3
A-B-C-E-G-H-J-K-L,H3L,A3
A-B-C-E-G-H-J-K-L,H3M,A3
A-B-C-E-G-H-J-K-L,H3N,A3
A-B-C-E-G-H-J-K-L,H3P,A3
A-B-C-E-G-H-J-K-L,H3R,A3
A-B-C-E-G-H-J-K-L,H3S,A3
A-B-C-E-G-H-J-K-L,H3T,A3
A-B-C-E-G-H-J-K-L,H3V,A3
A-B-C-E-G-H-J-K-L,H3W,A3
A-B-C-E-G-H-J-K-L,H3X,A3
A-B-C-E-G-H-J-K-L,H3Y,A3
A-B-C-E-G-H-J-K-L,H3Z,A3
A-B-C-E-G-H-J-K-L,H4A,A3
A-B-C-E-G-H-J-K-L,H4B,A3
A-B-C-E-G-H-J-K-L,H4C,A3
A-B-C-E-G-H-J-K-L,H4E,A3
A-B-C-E-G-H-J-K-L,H4G,A3
A-B-C-E-G-H-J-K-L,H4H,A3
A-B-C-E-G-H-J-K-L,H4J,A3
A-B-C-E-G-H-J-K-L,H4K,A3
A-B-C-E-G-H-J-K-L,H4L,A3
A-B-C-E-G-H-J-K-L,H4M,A3
A-B-C-E-G-H-J-K-L,H4N,A3
A-B-C-E-G-H-J-K-L,H4P,A3
A-B-C-E-G-H-J-K-L,H4R,A3
A-B-C-E-G-H-J-K-L,H4S,A3
A-B-C-E-G-H-J-K-L,H4T,A3
A-B-C-E-G-H-J-K-L,H4V,A3
A-B-C-E-G-H-J-K-L,H4W,A3
A-B-C-E-G-H-J-K-L,H4X,A3
A-B-C-E-G-H-J-K-L,H4Y,A3
A-B-C-E-G-H-J-K-L,H4Z,A3
A-B-C-E-G-H-J-K-L,H5A,A3
A-B-C-E-G-H-J-K-L,H5B,A3
A-B-C-E-G-H-J-K-L,H7A,A3
A-B-C-E-G-H-J-K-L,H7B,A3
A-B-C-E-G-H-J-K-L,H7C,A3
A-B-C-E-G-H-J-K-L,H7E,A3
A-B-C-E-G-H-J-K-L,H7G,A3
A-B-C-E-G-H-J-K-L,H7H,A3
A-B-C-E-G-H-J-K-L,H7J,A3
A-B-C-E-G-H-J-K-L,H7K,A3
A-B-C-E-G-H-J-K-L,H7L,A3
A-B-C-E-G-H-J-K-L,H7M,A3
A-B-C-E-G-H-J-K-L,H7N,A3
A-B-C-E-G-H-J-K-L,H7P,A3
A-B-C-E-G-H-J-K-L,H7R,A3
A-B-C-E-G-H-J-K-L,H7S,A3
A-B-C-E-G-H-J-K-L,H7T,A3
A-B-C-E-G-H-J-K-L,H7V,A3
A-B-C-E-G-H-J-K-L,H7W,A3
A-B-C-E-G-H-J-K-L,H7X,A3
A-B-C-E-G-H-J-K-L,H7Y,A3
A-B-C-E-G-H-J-K-L,H8N,A3
A-B-C-E-G-H-J-K-L,H8P,A3
A-B-C-E-G-H-J-K-L,H8R,A3
A-B-C-E-G-H-J-K-L,H8S,A3
A-B-C-E-G-H-J-K-L,H8T,A3
A-B-C-E-G-H-J-K-L,H8Y,A3
A-B-C-E-G-H-J-K-L,H8Z,A3
A-B-C-E-G-H-J-K-L,H9A,A3
A-B-C-E-G-H-J-K-L,H9B,A3
A-B-C-E-G-H-J-K-L,H9C,A3
A-B-C-E-G-H-J-K-L,H9E,A3
A-B-C-E-G-H-J-K-L,H9G,A3
A-B-C-E-G-H-J-K-L,H9H,A3
A-B-C-E-G-H-J-K-L,H9J,A3
A-B-C-E-G-H-J-K-L,H9K,A3
A-B-C-E-G-H-J-K-L,H9P,A3
A-B-C-E-G-H-J-K-L,H9R,A3
A-B-C-E-G-H-J-K-L,H9S,A3
A-B-C-E-G-H-J-K-L,H9W,A3
A-B-C-E-G-H-J-K-L,H9X,A3
A-B-C-E-G-H-J-K-L,J0A,D1
A-B-C-E-G-H-J-K-L,J0B,D1
A-B-C-E-G-H-J-K-L,J0C,D1
A-B-C-E-G-H-J-K-L,J0E,D1
A-B-C-E-G-H-J-K-L,J0G,D1
A-B-C-E-G-H-J-K-L,J0H,D1
A-B-C-E-G-H-J-K-L,J0J,D1
A-B-C-E-G-H-J-K-L,J0K,D1
A-B-C-E-G-H-J-K-L,J0L,D1
A-B-C-E-G-H-J-K-L,J0M,D1
A-B-C-E-G-H-J-K-L,J0M,J2
A-B-C-E-G-H-J-K-L,J0N,D1
A-B-C-E-G-H-J-K-L,J0P,D1
A-B-C-E-G-H-J-K-L,J0R,D1
A-B-C-E-G-H-J-K-L,J0S,D1
A-B-C-E-G-H-J-K-L,J0T,D1
A-B-C-E-G-H-J-K-L,J0V,D1
A-B-C-E-G-H-J-K-L,J0W,D1
A-B-C-E-G-H-J-K-L,J0X,D1
A-B-C-E-G-H-J-K-L,J0Y,D1
A-B-C-E-G-H-J-K-L,J0Z,D1
A-B-C-E-G-H-J-K-L,J1A,D1
A-B-C-E-G-H-J-K-L,J1C,B3
A-B-C-E-G-H-J-K-L,J1E,B3
A-B-C-E-G-H-J-K-L,J1G,B3
A-B-C-E-G-H-J-K-L,J1H,B3
A-B-C-E-G-H-J-K-L,J1J,B3
A-B-C-E-G-H-J-K-L,J1K,B3
A-B-C-E-G-H-J-K-L,J1L,B3
A-B-C-E-G-H-J-K-L,J1M,B3
A-B-C-E-G-H-J-K-L,J1N,B3
A-B-C-E-G-H-J-K-L,J1R,B3
A-B-C-E-G-H-J-K-L,J1S,D1
A-B-C-E-G-H-J-K-L,J1T,D1
A-B-C-E-G-H-J-K-L,J1X,D1
A-B-C-E-G-H-J-K-L,J1Z,D1
A-B-C-E-G-H-J-K-L,J2A,D1
A-B-C-E-G-H-J-K-L,J2B,D1
A-B-C-E-G-H-J-K-L,J2C,D1
A-B-C-E-G-H-J-K-L,J2E,D1
A-B-C-E-G-H-J-K-L,J2G,D1
A-B-C-E-G-H-J-K-L,J2H,D1
A-B-C-E-G-H-J-K-L,J2J,D1
A-B-C-E-G-H-J-K-L,J2K,D1
A-B-C-E-G-H-J-K-L,J2L,D1
A-B-C-E-G-H-J-K-L,J2M,D1
A-B-C-E-G-H-J-K-L,J2N,D1
A-B-C-E-G-H-J-K-L,J2R,D1
A-B-C-E-G-H-J-K-L,J2S,D1
A-B-C-E-G-H-J-K-L,J2T,D1
A-B-C-E-G-H-J-K-L,J2W,D1
A-B-C-E-G-H-J-K-L,J2X,D1
A-B-C-E-G-H-J-K-L,J2Y,D1
A-B-C-E-G-H-J-K-L,J3A,D1
A-B-C-E-G-H-J-K-L,J3B,D1
A-B-C-E-G-H-J-K-L,J3E,A3
A-B-C-E-G-H-J-K-L,J3G,D1
A-B-C-E-G-H-J-K-L,J3H,D1
A-B-C-E-G-H-J-K-L,J3L,D1
A-B-C-E-G-H-J-K-L,J3M,D1
A-B-C-E-G-H-J-K-L,J3N,D1
A-B-C-E-G-H-J-K-L,J3P,D1
A-B-C-E-G-H-J-K-L,J3R,D1
A-B-C-E-G-H-J-K-L,J3T,D1
A-B-C-E-G-H-J-K-L,J3V,A3
A-B-C-E-G-H-J-K-L,J3X,A3
A-B-C-E-G-H-J-K-L,J3Y,A3
A-B-C-E-G-H-J-K-L,J3Z,A3
A-B-C-E-G-H-J-K-L,J4B,A3
A-B-C-E-G-H-J-K-L,J4G,A3
A-B-C-E-G-H-J-K-L,J4H,A3
A-B-C-E-G-H-J-K-L,J4J,A3
A-B-C-E-G-H-J-K-L,J4K,A3
A-B-C-E-G-H-J-K-L,J4L,A3
A-B-C-E-G-H-J-K-L,J4M,A3
A-B-C-E-G-H-J-K-L,J4N,A3
A-B-C-E-G-H-J-K-L,J4P,A3
A-B-C-E-G-H-J-K-L,J4R,A3
A-B-C-E-G-H-J-K-L,J4S,A3
A-B-C-E-G-H-J-K-L,J4T,A3
A-B-C-E-G-H-J-K-L,J4V,A3
A-B-C-E-G-H-J-K-L,J4W,A3
A-B-C-E-G-H-J-K-L,J4X,A3
A-B-C-E-G-H-J-K-L,J4Y,A3
A-B-C-E-G-H-J-K-L,J4Z,A3
A-B-C-E-G-H-J-K-L,J5A,A3
A-B-C-E-G-H-J-K-L,J5B,D1
A-B-C-E-G-H-J-K-L,J5C,D1
A-B-C-E-G-H-J-K-L,J5J,D1
A-B-C-E-G-H-J-K-L,J5K,D1
A-B-C-E-G-H-J-K-L,J5L,A3
A-B-C-E-G-H-J-K-L,J5M,D1
A-B-C-E-G-H-J-K-L,J5R,A3
A-B-C-E-G-H-J-K-L,J5T,D1
A-B-C-E-G-H-J-K-L,J5V,D1
A-B-C-E-G-H-J-K-L,J5W,D1
A-B-C-E-G-H-J-K-L,J5X,A3
A-B-C-E-G-H-J-K-L,J5Y,A3
A-B-C-E-G-H-J-K-L,J5Z,A3
A-B-C-E-G-H-J-K-L,J6A,A3
A-B-C-E-G-H-J-K-L,J6E,A3
A-B-C-E-G-H-J-K-L,J6J,A3
A-B-C-E-G-H-J-K-L,J6K,A3
A-B-C-E-G-H-J-K-L,J6N,A3
A-B-C-E-G-H-J-K-L,J6R,A3
A-B-C-E-G-H-J-K-L,J6S,A3
A-B-C-E-G-H-J-K-L,J6T,A3
A-B-C-E-G-H-J-K-L,J6V,A3
A-B-C-E-G-H-J-K-L,J6W,A3
A-B-C-E-G-H-J-K-L,J6X,A3
A-B-C-E-G-H-J-K-L,J6Y,A3
A-B-C-E-G-H-J-K-L,J6Z,A3
A-B-C-E-G-H-J-K-L,J7A,A3
A-B-C-E-G-H-J-K-L,J7B,A3
A-B-C-E-G-H-J-K-L,J7C,A3
A-B-C-E-G-H-J-K-L,J7E,A3
A-B-C-E-G-H-J-K-L,J7G,A3
A-B-C-E-G-H-J-K-L,J7H,A3
A-B-C-E-G-H-J-K-L,J7J,D1
A-B-C-E-G-H-J-K-L,J7K,D1
A-B-C-E-G-H-J-K-L,J7L,D1
A-B-C-E-G-H-J-K-L,J7M,D1
A-B-C-E-G-H-J-K-L,J7N,D1
A-B-C-E-G-H-J-K-L,J7P,A3
A-B-C-E-G-H-J-K-L,J7R,A3
A-B-C-E-G-H-J-K-L,J7T,A3
A-B-C-E-G-H-J-K-L,J7V,A3
A-B-C-E-G-H-J-K-L,J7W,A3
A-B-C-E-G-H-J-K-L,J7X,D1
A-B-C-E-G-H-J-K-L,J7Y,D1
A-B-C-E-G-H-J-K-L,J7Z,D1
A-B-C-E-G-H-J-K-L,J8A,D1
A-B-C-E-G-H-J-K-L,J8B,D1
A-B-C-E-G-H-J-K-L,J8C,D1
A-B-C-E-G-H-J-K-L,J8E,D1
A-B-C-E-G-H-J-K-L,J8G,D1
A-B-C-E-G-H-J-K-L,J8H,D1
A-B-C-E-G-H-J-K-L,J8L,B1
A-B-C-E-G-H-J-K-L,J8M,D1
A-B-C-E-G-H-J-K-L,J8N,D1
A-B-C-E-G-H-J-K-L,J8P,B1
A-B-C-E-G-H-J-K-L,J8R,B1
A-B-C-E-G-H-J-K-L,J8T,B1
A-B-C-E-G-H-J-K-L,J8V,B1
A-B-C-E-G-H-J-K-L,J8X,B1
A-B-C-E-G-H-J-K-L,J8Y,B1
A-B-C-E-G-H-J-K-L,J8Z,B1
A-B-C-E-G-H-J-K-L,J9A,B1
A-B-C-E-G-H-J-K-L,J9B,D1
A-B-C-E-G-H-J-K-L,J9E,D1
A-B-C-E-G-H-J-K-L,J9H,B1
A-B-C-E-G-H-J-K-L,J9J,B1
A-B-C-E-G-H-J-K-L,J9L,D1
A-B-C-E-G-H-J-K-L,J9P,D1
A-B-C-E-G-H-J-K-L,J9T,D1
A-B-C-E-G-H-J-K-L,J9V,D1
A-B-C-E-G-H-J-K-L,J9X,D1
A-B-C-E-G-H-J-K-L,J9Y,D1
A-B-C-E-G-H-J-K-L,J9Z,D1
A-B-C-E-G-H-J-K-L,K0A,D1
A-B-C-E-G-H-J-K-L,K0B,D1
A-B-C-E-G-H-J-K-L,K0C,D1
A-B-C-E-G-H-J-K-L,K0E,D1
A-B-C-E-G-H-J-K-L,K0G,D1
A-B-C-E-G-H-J-K-L,K0H,D1
A-B-C-E-G-H-J-K-L,K0J,D1
A-B-C-E-G-H-J-K-L,K0K,D1
A-B-C-E-G-H-J-K-L,K0L,D1
A-B-C-E-G-H-J-K-L,K0M,D1
A-B-C-E-G-H-J-K-L,K1A,B1
A-B-C-E-G-H-J-K-L,K1B,B1
A-B-C-E-G-H-J-K-L,K1C,B1
A-B-C-E-G-H-J-K-L,K1E,B1
A-B-C-E-G-H-J-K-L,K1G,B1
A-B-C-E-G-H-J-K-L,K1H,B1
A-B-C-E-G-H-J-K-L,K1J,B1
A-B-C-E-G-H-J-K-L,K1K,B1
A-B-C-E-G-H-J-K-L,K1L,B1
A-B-C-E-G-H-J-K-L,K1M,B1
A-B-C-E-G-H-J-K-L,K1N,B1
A-B-C-E-G-H-J-K-L,K1P,B1
A-B-C-E-G-H-J-K-L,K1R,B1
A-B-C-E-G-H-J-K-L,K1S,B1
A-B-C-E-G-H-J-K-L,K1T,B1
A-B-C-E-G-H-J-K-L,K1V,B1
A-B-C-E-G-H-J-K-L,K1W,B1
A-B-C-E-G-H-J-K-L,K1X,B1
A-B-C-E-G-H-J-K-L,K1Y,B1
A-B-C-E-G-H-J-K-L,K1Z,B1
A-B-C-E-G-H-J-K-L,K2A,B1
A-B-C-E-G-H-J-K-L,K2B,B1
A-B-C-E-G-H-J-K-L,K2C,B1
A-B-C-E-G-H-J-K-L,K2E,B1
A-B-C-E-G-H-J-K-L,K2G,B1
A-B-C-E-G-H-J-K-L,K2H,B1
A-B-C-E-G-H-J-K-L,K2J,B1
A-B-C-E-G-H-J-K-L,K2K,B1
A-B-C-E-G-H-J-K-L,K2L,B1
A-B-C-E-G-H-J-K-L,K2M,B1
A-B-C-E-G-H-J-K-L,K2P,B1
A-B-C-E-G-H-J-K-L,K2R,B1
A-B-C-E-G-H-J-K-L,K2S,D1
A-B-C-E-G-H-J-K-L,K2T,B1
A-B-C-E-G-H-J-K-L,K2V,B1
A-B-C-E-G-H-J-K-L,K2W,B1
A-B-C-E-G-H-J-K-L,K4A,B1
A-B-C-E-G-H-J-K-L,K4B,B1
A-B-C-E-G-H-J-K-L,K4C,B1
A-B-C-E-G-H-J-K-L,K4K,B1
A-B-C-E-G-H-J-K-L,K4M,B1
A-B-C-E-G-H-J-K-L,K4P,B1
A-B-C-E-G-H-J-K-L,K4R,D1
A-B-C-E-G-H-J-K-L,K6A,D1
A-B-C-E-G-H-J-K-L,K6H,D1
A-B-C-E-G-H-J-K-L,K6J,D1
A-B-C-E-G-H-J-K-L,K6K,D1
A-B-C-E-G-H-J-K-L,K6T,D1
A-B-C-E-G-H-J-K-L,K6V,D1
A-B-C-E-G-H-J-K-L,K7A,D1
A-B-C-E-G-H-J-K-L,K7C,D1
A-B-C-E-G-H-J-K-L,K7G,D1
A-B-C-E-G-H-J-K-L,K7H,D1
A-B-C-E-G-H-J-K-L,K7K,B3
A-B-C-E-G-H-J-K-L,K7L,B3
A-B-C-E-G-H-J-K-L,K7M,B3
A-B-C-E-G-H-J-K-L,K7N,B3
A-B-C-E-G-H-J-K-L,K7P,B3
A-B-C-E-G-H-J-K-L,K7R,D1
A-B-C-E-G-H-J-K-L,K7S,D1
A-B-C-E-G-H-J-K-L,K7V,D1
A-B-C-E-G-H-J-K-L,K8A,D1
A-B-C-E-G-H-J-K-L,K8B,D1
A-B-C-E-G-H-J-K-L,K8H,D1
A-B-C-E-G-H-J-K-L,K8N,B3
A-B-C-E-G-H-J-K-L,K8P,B3
A-B-C-E-G-H-J-K-L,K8R,B3
A-B-C-E-G-H-J-K-L,K8V,D1
A-B-C-E-G-H-J-K-L,K9A,D1
A-B-C-E-G-H-J-K-L,K9H,B3
A-B-C-E-G-H-J-K-L,K9J,B3
A-B-C-E-G-H-J-K-L,K9K,B3
A-B-C-E-G-H-J-K-L,K9L,B3
A-B-C-E-G-H-J-K-L,K9V,D1
A-B-C-E-G-H-J-K-L,L0A,D1
A-B-C-E-G-H-J-K-L,L0B,D1
A-B-C-E-G-H-J-K-L,L0C,D1
A-B-C-E-G-H-J-K-L,L0E,D1
A-B-C-E-G-H-J-K-L,L0G,D1
A-B-C-E-G-H-J-K-L,L0H,B1
A-B-C-E-G-H-J-K-L,L0J,B1
A-B-C-E-G-H-J-K-L,L0K,D1
A-B-C-E-G-H-J-K-L,L0L,D1
A-B-C-E-G-H-J-K-L,L0M,D1
A-B-C-E-G-H-J-K-L,L0N,D1
A-B-C-E-G-H-J-K-L,L0P,D1
A-B-C-E-G-H-J-K-L,L0R,D1
A-B-C-E-G-H-J-K-L,L0S,D1
A-B-C-E-G-H-J-K-L,L1A,D1
A-B-C-E-G-H-J-K-L,L1B,D1
A-B-C-E-G-H-J-K-L,L1C,D1
A-B-C-E-G-H-J-K-L,L1E,D1
A-B-C-E-G-H-J-K-L,L1G,B1
A-B-C-E-G-H-J-K-L,L1H,B1
A-B-C-E-G-H-J-K-L,L1J,B1
A-B-C-E-G-H-J-K-L,L1K,B1
A-B-C-E-G-H-J-K-L,L1L,B1
A-B-C-E-G-H-J-K-L,L1M,B1
A-B-C-E-G-H-J-K-L,L1N,B1
A-B-C-E-G-H-J-K-L,L1P,B1
A-B-C-E-G-H-J-K-L,L1R,B1
A-B-C-E-G-H-J-K-L,L1S,B1
A-B-C-E-G-H-J-K-L,L1T,B1
A-B-C-E-G-H-J-K-L,L1V,B1
A-B-C-E-G-H-J-K-L,L1W,B1
A-B-C-E-G-H-J-K-L,L1X,B1
A-B-C-E-G-H-J-K-L,L1Y,B1
A-B-C-E-G-H-J-K-L,L1Z,B1
A-B-C-E-G-H-J-K-L,L2A,D1
A-B-C-E-G-H-J-K-L,L2E,B3
A-B-C-E-G-H-J-K-L,L2G,B3
A-B-C-E-G-H-J-K-L,L2H,B3
A-B-C-E-G-H-J-K-L,L2J,B3
A-B-C-E-G-H-J-K-L,L2M,B3
A-B-C-E-G-H-J-K-L,L2N,B3
A-B-C-E-G-H-J-K-L,L2P,B3
A-B-C-E-G-H-J-K-L,L2R,B3
A-B-C-E-G-H-J-K-L,L2S,B3
A-B-C-E-G-H-J-K-L,L2T,B3
A-B-C-E-G-H-J-K-L,L2V,B3
A-B-C-E-G-H-J-K-L,L2W,B3
A-B-C-E-G-H-J-K-L,L3B,D1
A-B-C-E-G-H-J-K-L,L3C,D1
A-B-C-E-G-H-J-K-L,L3K,D1
A-B-C-E-G-H-J-K-L,L3M,D1
A-B-C-E-G-H-J-K-L,L3P,B1
A-B-C-E-G-H-J-K-L,L3R,B1
A-B-C-E-G-H-J-K-L,L3S,B1
A-B-C-E-G-H-J-K-L,L3T,B1
A-B-C-E-G-H-J-K-L,L3V,D1
A-B-C-E-G-H-J-K-L,L3X,B1
A-B-C-E-G-H-J-K-L,L3Y,B1
A-B-C-E-G-H-J-K-L,L3Z,D1
A-B-C-E-G-H-J-K-L,L4A,B1
A-B-C-E-G-H-J-K-L,L4B,B1
A-B-C-E-G-H-J-K-L,L4C,B1
A-B-C-E-G-H-J-K-L,L4E,B1
A-B-C-E-G-H-J-K-L,L4G,B1
A-B-C-E-G-H-J-K-L,L4H,B1
A-B-C-E-G-H-J-K-L,L4J,B1
A-B-C-E-G-H-J-K-L,L4K,B1
A-B-C-E-G-H-J-K-L,L4L,B1
A-B-C-E-G-H-J-K-L,L4M,D1
A-B-C-E-G-H-J-K-L,L4N,D1
A-B-C-E-G-H-J-K-L,L4P,D1
A-B-C-E-G-H-J-K-L,L4R,D1
A-B-C-E-G-H-J-K-L,L4S,B1
A-B-C-E-G-H-J-K-L,L4T,B1
A-B-C-E-G-H-J-K-L,L4V,B1
A-B-C-E-G-H-J-K-L,L4W,B1
A-B-C-E-G-H-J-K-L,L4X,B1
A-B-C-E-G-H-J-K-L,L4Y,B1
A-B-C-E-G-H-J-K-L,L4Z,B1
A-B-C-E-G-H-J-K-L,L5A,B1
A-B-C-E-G-H-J-K-L,L5B,B1
A-B-C-E-G-H-J-K-L,L5C,B1
A-B-C-E-G-H-J-K-L,L5E,B1
A-B-C-E-G-H-J-K-L,L5G,B1
A-B-C-E-G-H-J-K-L,L5H,B1
A-B-C-E-G-H-J-K-L,L5J,B1
A-B-C-E-G-H-J-K-L,L5K,B1
A-B-C-E-G-H-J-K-L,L5L,B1
A-B-C-E-G-H-J-K-L,L5M,B1
A-B-C-E-G-H-J-K-L,L5N,B1
A-B-C-E-G-H-J-K-L,L5P,B1
A-B-C-E-G-H-J-K-L,L5R,B1
A-B-C-E-G-H-J-K-L,L5S,B1
A-B-C-E-G-H-J-K-L,L5T,B1
A-B-C-E-G-H-J-K-L,L5V,B1
A-B-C-E-G-H-J-K-L,L5W,B1
A-B-C-E-G-H-J-K-L,L6A,B1
A-B-C-E-G-H-J-K-L,L6B,B1
A-B-C-E-G-H-J-K-L,L6C,B1
A-B-C-E-G-H-J-K-L,L6E,B1
A-B-C-E-G-H-J-K-L,L6G,B1
A-B-C-E-G-H-J-K-L,L6H,B1
A-B-C-E-G-H-J-K-L,L6J,B1
A-B-C-E-G-H-J-K-L,L6K,B1
A-B-C-E-G-H-J-K-L,L6L,B1
A-B-C-E-G-H-J-K-L,L6M,B1
A-B-C-E-G-H-J-K-L,L6P,B1
A-B-C-E-G-H-J-K-L,L6R,B1
A-B-C-E-G-H-J-K-L,L6S,B1
A-B-C-E-G-H-J-K-L,L6T,B1
A-B-C-E-G-H-J-K-L,L6V,B1
A-B-C-E-G-H-J-K-L,L6W,B1
A-B-C-E-G-H-J-K-L,L6X,B1
A-B-C-E-G-H-J-K-L,L6Y,B1
A-B-C-E-G-H-J-K-L,L6Z,B1
A-B-C-E-G-H-J-K-L,L7A,B1
A-B-C-E-G-H-J-K-L,L7B,D1
A-B-C-E-G-H-J-K-L,L7C,D1
A-B-C-E-G-H-J-K-L,L7E,D1
A-B-C-E-G-H-J-K-L,L7G,D1
A-B-C-E-G-H-J-K-L,L7J,D1
A-B-C-E-G-H-J-K-L,L7K,D1
A-B-C-E-G-H-J-K-L,L7L,B3
A-B-C-E-G-H-J-K-L,L7M,B3
A-B-C-E-G-H-J-K-L,L7N,B3
A-B-C-E-G-H-J-K-L,L7P,B3
A-B-C-E-G-H-J-K-L,L7R,B3
A-B-C-E-G-H-J-K-L,L7S,B3
A-B-C-E-G-H-J-K-L,L7T,B3
A-B-C-E-G-H-J-K-L,L8B,B3
A-B-C-E-G-H-J-K-L,L8E,B3
A-B-C-E-G-H-J-K-L,L8G,B3
A-B-C-E-G-H-J-K-L,L8H,B3
A-B-C-E-G-H-J-K-L,L8J,B3
A-B-C-E-G-H-J-K-L,L8K,B3
A-B-C-E-G-H-J-K-L,L8L,B3
A-B-C-E-G-H-J-K-L,L8M,B3
A-B-C-E-G-H-J-K-L,L8N,B3
A-B-C-E-G-H-J-K-L,L8P,B3
A-B-C-E-G-H-J-K-L,L8R,B3
A-B-C-E-G-H-J-K-L,L8S,B3
A-B-C-E-G-H-J-K-L,L8T,B3
A-B-C-E-G-H-J-K-L,L8V,B3
A-B-C-E-G-H-J-K-L,L8W,B3
A-B-C-E-G-H-J-K-L,L9A,B3
A-B-C-E-G-H-J-K-L,L9B,B3
A-B-C-E-G-H-J-K-L,L9C,B3
A-B-C-E-G-H-J-K-L,L9E,B1
A-B-C-E-G-H-J-K-L,L9G,B3
A-B-C-E-G-H-J-K-L,L9H,B3
A-B-C-E-G-H-J-K-L,L9J,D1
A-B-C-E-G-H-J-K-L,L9K,B3
A-B-C-E-G-H-J-K-L,L9L,D1
A-B-C-E-G-H-J-K-L,L9M,D1
A-B-C-E-G-H-J-K-L,L9N,D1
A-B-C-E-G-H-J-K-L,L9P,D1
A-B-C-E-G-H-J-K-L,L9R,D1
A-B-C-E-G-H-J-K-L,L9S,D1
A-B-C-E-G-H-J-K-L,L9T,B1
A-B-C-E-G-H-J-K-L,L9V,D1
A-B-C-E-G-H-J-K-L,L9W,D1
A-B-C-E-G-H-J-K-L,L9X,D1
A-B-C-E-G-H-J-K-L,L9Y,D1
A-B-C-E-G-H-J-K-L,L9Z,D1
A-B-C-E-G-H-J-K-L,M0R,B1
A-B-C-E-G-H-J-K-L,M1B,B1
A-B-C-E-G-H-J-K-L,M1C,B1
A-B-C-E-G-H-J-K-L,M1E,B1
A-B-C-E-G-H-J-K-L,M1G,B1
A-B-C-E-G-H-J-K-L,M1H,B1
A-B-C-E-G-H-J-K-L,M1J,B1
A-B-C-E-G-H-J-K-L,M1K,B1
A-B-C-E-G-H-J-K-L,M1L,B1
A-B-C-E-G-H-J-K-L,M1M,B1
A-B-C-E-G-H-J-K-L,M1N,B1
A-B-C-E-G-H-J-K-L,M1P,B1
A-B-C-E-G-H-J-K-L,M1R,B1
A-B-C-E-G-H-J-K-L,M1S,B1
A-B-C-E-G-H-J-K-L,M1T,B1
A-B-C-E-G-H-J-K-L,M1V,B1
A-B-C-E-G-H-J-K-L,M1W,B1
A-B-C-E-G-H-J-K-L,M1X,B1
A-B-C-E-G-H-J-K-L,M2H,B1
A-B-C-E-G-H-J-K-L,M2J,B1
A-B-C-E-G-H-J-K-L,M2K,B1
A-B-C-E-G-H-J-K-L,M2L,B1
A-B-C-E-G-H-J-K-L,M2M,B1
A-B-C-E-G-H-J-K-L,M2N,B1
A-B-C-E-G-H-J-K-L,M2P,B1
A-B-C-E-G-H-J-K-L,M2R,B1
A-B-C-E-G-H-J-K-L,M3A,B1
A-B-C-E-G-H-J-K-L,M3B,B1
A-B-C-E-G-H-J-K-L,M3C,B1
A-B-C-E-G-H-J-K-L,M3H,B1
A-B-C-E-G-H-J-K-L,M3J,B1
A-B-C-E-G-H-J-K-L,M3K,B1
A-B-C-E-G-H-J-K-L,M3L,B1
A-B-C-E-G-H-J-K-L,M3M,B1
A-B-C-E-G-H-J-K-L,M3N,B1
A-B-C-E-G-H-J-K-L,M4A,B1
A-B-C-E-G-H-J-K-L,M4B,B1
A-B-C-E-G-H-J-K-L,M4C,B1
A-B-C-E-G-H-J-K-L,M4E,B1
A-B-C-E-G-H-J-K-L,M4G,B1
A-B-C-E-G-H-J-K-L,M4H,B1
A-B-C-E-G-H-J-K-L,M4J,B1
A-B-C-E-G-H-J-K-L,M4K,B1
A-B-C-E-G-H-J-K-L,M4L,B1
A-B-C-E-G-H-J-K-L,M4M,B1
A-B-C-E-G-H-J-K-L,M4N,B1
A-B-C-E-G-H-J-K-L,M4P,B1
A-B-C-E-G-H-J-K-L,M4R,B1
A-B-C-E-G-H-J-K-L,M4S,B1
A-B-C-E-G-H-J-K-L,M4T,B1
A-B-C-E-G-H-J-K-L,M4V,B1
A-B-C-E-G-H-J-K-L,M4W,B1
A-B-C-E-G-H-J-K-L,M4X,B1
A-B-C-E-G-H-J-K-L,M4Y,B1
A-B-C-E-G-H-J-K-L,M5A,B1
A-B-C-E-G-H-J-K-L,M5B,B1
A-B-C-E-G-H-J-K-L,M5C,B1
A-B-C-E-G-H-J-K-L,M5E,B1
A-B-C-E-G-H-J-K-L,M5G,B1
A-B-C-E-G-H-J-K-L,M5H,B1
A-B-C-E-G-H-J-K-L,M5J,B1
A-B-C-E-G-H-J-K-L,M5K,B1
A-B-C-E-G-H-J-K-L,M5L,B1
A-B-C-E-G-H-J-K-L,M5M,B1
A-B-C-E-G-H-J-K-L,M5N,B1
A-B-C-E-G-H-J-K-L,M5P,B1
A-B-C-E-G-H-J-K-L,M5R,B1
A-B-C-E-G-H-J-K-L,M5S,B1
A-B-C-E-G-H-J-K-L,M5T,B1
A-B-C-E-G-H-J-K-L,M5V,B1
A-B-C-E-G-H-J-K-L,M5W,B1
A-B-C-E-G-H-J-K-L,M5X,B1
A-B-C-E-G-H-J-K-L,M6A,B1
A-B-C-E-G-H-J-K-L,M6B,B1
A-B-C-E-G-H-J-K-L,M6C,B1
A-B-C-E-G-H-J-K-L,M6E,B1
A-B-C-E-G-H-J-K-L,M6G,B1
A-B-C-E-G-H-J-K-L,M6H,B1
A-B-C-E-G-H-J-K-L,M6J,B1
A-B-C-E-G-H-J-K-L,M6K,B1
A-B-C-E-G-H-J-K-L,M6L,B1
A-B-C-E-G-H-J-K-L,M6M,B1
A-B-C-E-G-H-J-K-L,M6N,B1
A-B-C-E-G-H-J-K-L,M6P,B1
A-B-C-E-G-H-J-K-L,M6R,B1
A-B-C-E-G-H-J-K-L,M6S,B1
A-B-C-E-G-H-J-K-L,M7A,B1
A-B-C-E-G-H-J-K-L,M7R,B1
A-B-C-E-G-H-J-K-L,M7Y,B1
A-B-C-E-G-H-J-K-L,M8V,B1
A-B-C-E-G-H-J-K-L,M8W,B1
A-B-C-E-G-H-J-K-L,M8X,B1
A-B-C-E-G-H-J-K-L,M8Y,B1
A-B-C-E-G-H-J-K-L,M8Z,B1
A-B-C-E-G-H-J-K-L,M9A,B1
A-B-C-E-G-H-J-K-L,M9B,B1
A-B-C-E-G-H-J-K-L,M9C,B1
A-B-C-E-G-H-J-K-L,M9L,B1
A-B-C-E-G-H-J-K-L,M9M,B1
A-B-C-E-G-H-J-K-L,M9N,B1
A-B-C-E-G-H-J-K-L,M9P,B1
A-B-C-E-G-H-J-K-L,M9R,B1
A-B-C-E-G-H-J-K-L,M9V,B1
A-B-C-E-G-H-J-K-L,M9W,B1
A-B-C-E-G-H-J-K-L,N0A,D1
A-B-C-E-G-H-J-K-L,N0B,D1
A-B-C-E-G-H-J-K-L,N0C,D1
A-B-C-E-G-H-J-K-L,N0E,D1
A-B-C-E-G-H-J-K-L,N0G,D1
A-B-C-E-G-H-J-K-L,N0H,D1
A-B-C-E-G-H-J-K-L,N0J,D1
A-B-C-E-G-H-J-K-L,N0K,D1
A-B-C-E-G-H-J-K-L,N0L,D1
A-B-C-E-G-H-J-K-L,N0M,D1
A-B-C-E-G-H-J-K-L,N0N,D1
A-B-C-E-G-H-J-K-L,N0P,D1
A-B-C-E-G-H-J-K-L,N0R,D1
A-B-C-E-G-H-J-K-L,N1A,D1
A-B-C-E-G-H-J-K-L,N1C,B3
A-B-C-E-G-H-J-K-L,N1E,B3
A-B-C-E-G-H-J-K-L,N1G,B3
A-B-C-E-G-H-J-K-L,N1H,B3
A-B-C-E-G-H-J-K-L,N1K,B3
A-B-C-E-G-H-J-K-L,N1L,B3
A-B-C-E-G-H-J-K-L,N1M,D1
A-B-C-E-G-H-J-K-L,N1P,B3
A-B-C-E-G-H-J-K-L,N1R,B3
A-B-C-E-G-H-J-K-L,N1S,B3
A-B-C-E-G-H-J-K-L,N1T,B3
A-B-C-E-G-H-J-K-L,N2A,B3
A-B-C-E-G-H-J-K-L,N2B,B3
A-B-C-E-G-H-J-K-L,N2C,B3
A-B-C-E-G-H-J-K-L,N2E,B3
A-B-C-E-G-H-J-K-L,N2G,B3
A-B-C-E-G-H-J-K-L,N2H,B3
A-B-C-E-G-H-J-K-L,N2J,B3
A-B-C-E-G-H-J-K-L,N2K,B3
A-B-C-E-G-H-J-K-L,N2L,B3
A-B-C-E-G-H-J-K-L,N2M,B3
A-B-C-E-G-H-J-K-L,N2N,B3
A-B-C-E-G-H-J-K-L,N2P,B3
A-B-C-E-G-H-J-K-L,N2R,B3
A-B-C-E-G-H-J-K-L,N2T,B3
A-B-C-E-G-H-J-K-L,N2V,B3
A-B-C-E-G-H-J-K-L,N2Z,D1
A-B-C-E-G-H-J-K-L,N3A,D1
A-B-C-E-G-H-J-K-L,N3B,D1
A-B-C-E-G-H-J-K-L,N3C,B3
A-B-C-E-G-H-J-K-L,N3E,B3
A-B-C-E-G-H-J-K-L,N3H,B3
A-B-C-E-G-H-J-K-L,N3L,B3
A-B-C-E-G-H-J-K-L,N3P,B3
A-B-C-E-G-H-J-K-L,N3R,B3
A-B-C-E-G-H-J-K-L,N3S,B3
A-B-C-E-G-H-J-K-L,N3T,B3
A-B-C-E-G-H-J-K-L,N3V,B3
A-B-C-E-G-H-J-K-L,N3W,D1
A-B-C-E-G-H-J-K-L,N3Y,D1
A-B-C-E-G-H-J-K-L,N4B,D1
A-B-C-E-G-H-J-K-L,N4G,D1
A-B-C-E-G-H-J-K-L,N4K,D1
A-B-C-E-G-H-J-K-L,N4L,D1
A-B-C-E-G-H-J-K-L,N4N,D1
A-B-C-E-G-H-J-K-L,N4S,D1
A-B-C-E-G-H-J-K-L,N4T,D1
A-B-C-E-G-H-J-K-L,N4V,D1
A-B-C-E-G-H-J-K-L,N4W,D1
A-B-C-E-G-H-J-K-L,N4X,D1
A-B-C-E-G-H-J-K-L,N4Z,D1
A-B-C-E-G-H-J-K-L,N5A,D1
A-B-C-E-G-H-J-K-L,N5C,D1
A-B-C-E-G-H-J-K-L,N5H,D1
A-B-C-E-G-H-J-K-L,N5L,D1
A-B-C-E-G-H-J-K-L,N5P,D1
A-B-C-E-G-H-J-K-L,N5R,D1
A-B-C-E-G-H-J-K-L,N5V,B3
A-B-C-E-G-H-J-K-L,N5W,B3
A-B-C-E-G-H-J-K-L,N5X,B3
A-B-C-E-G-H-J-K-L,N5Y,B3
A-B-C-E-G-H-J-K-L,N5Z,B3
A-B-C-E-G-H-J-K-L,N6A,B3
A-B-C-E-G-H-J-K-L,N6B,B3
A-B-C-E-G-H-J-K-L,N6C,B3
A-B-C-E-G-H-J-K-L,N6E,B3
A-B-C-E-G-H-J-K-L,N6G,B3
A-B-C-E-G-H-J-K-L,N6H,B3
A-B-C-E-G-H-J-K-L,N6J,B3
A-B-C-E-G-H-J-K-L,N6K,B3
A-B-C-E-G-H-J-K-L,N6L,B3
A-B-C-E-G-H-J-K-L,N6M,B3
A-B-C-E-G-H-J-K-L,N6N,B3
A-B-C-E-G-H-J-K-L,N6P,B3
A-B-C-E-G-H-J-K-L,N7A,D1
A-B-C-E-G-H-J-K-L,N7G,D1
A-B-C-E-G-H-J-K-L,N7L,D1
A-B-C-E-G-H-J-K-L,N7M,D1
A-B-C-E-G-H-J-K-L,N7S,D1
A-B-C-E-G-H-J-K-L,N7T,D1
A-B-C-E-G-H-J-K-L,N7V,D1
A-B-C-E-G-H-J-K-L,N7W,D1
A-B-C-E-G-H-J-K-L,N7X,D1
A-B-C-E-G-H-J-K-L,N8A,D1
A-B-C-E-G-H-J-K-L,N8H,D1
A-B-C-E-G-H-J-K-L,N8M,D1
A-B-C-E-G-H-J-K-L,N8N,B5
A-B-C-E-G-H-J-K-L,N8P,B5
A-B-C-E-G-H-J-K-L,N8R,B5
A-B-C-E-G-H-J-K-L,N8S,B5
A-B-C-E-G-H-J-K-L,N8T,B5
A-B-C-E-G-H-J-K-L,N8V,B5
A-B-C-E-G-H-J-K-L,N8W,B5
A-B-C-E-G-H-J-K-L,N8X,B5
A-B-C-E-G-H-J-K-L,N8Y,B5
A-B-C-E-G-H-J-K-L,N9A,B5
A-B-C-E-G-H-J-K-L,N9B,B5
A-B-C-E-G-H-J-K-L,N9C,B5
A-B-C-E-G-H-J-K-L,N9E,B5
A-B-C-E-G-H-J-K-L,N9G,B5
A-B-C-E-G-H-J-K-L,N9H,B5
A-B-C-E-G-H-J-K-L,N9J,B5
A-B-C-E-G-H-J-K-L,N9K,B5
A-B-C-E-G-H-J-K-L,N9V,D1
A-B-C-E-G-H-J-K-L,N9Y,D1
A-B-C-E-G-H-J-K-L,P0A,D1
A-B-C-E-G-H-J-K-L,P0B,D1
A-B-C-E-G-H-J-K-L,P0C,D1
A-B-C-E-G-H-J-K-L,P0E,D1
A-B-C-E-G-H-J-K-L,P0G,D1
A-B-C-E-G-H-J-K-L,P0H,D1
A-B-C-E-G-H-J-K-L,P0J,D1
A-B-C-E-G-H-J-K-L,P0K,D1
A-B-C-E-G-H-J-K-L,P0L,D1
A-B-C-E-G-H-J-K-L,P0L,J2
A-B-C-E-G-H-J-K-L,P0M,D1
A-B-C-E-G-H-J-K-L,P0N,D1
A-B-C-E-G-H-J-K-L,P0P,D1
A-B-C-E-G-H-J-K-L,P0R,D1
A-B-C-E-G-H-J-K-L,P0S,D1
A-B-C-E-G-H-J-K-L,P0T,F6
A-B-C-E-G-H-J-K-L,P0T,J2
A-B-C-E-G-H-J-K-L,P0V,F6
A-B-C-E-G-H-J-K-L,P0V,J2
A-B-C-E-G-H-J-K-L,P0W,F6
A-B-C-E-G-H-J-K-L,P0X,F6
A-B-C-E-G-H-J-K-L,P0Y,F4
A-B-C-E-G-H-J-K-L,P1A,B3
A-B-C-E-G-H-J-K-L,P1B,B3
A-B-C-E-G-H-J-K-L,P1C,B3
A-B-C-E-G-H-J-K-L,P1H,D1
A-B-C-E-G-H-J-K-L,P1L,D1
A-B-C-E-G-H-J-K-L,P1P,D1
A-B-C-E-G-H-J-K-L,P2A,D1
A-B-C-E-G-H-J-K-L,P2B,D1
A-B-C-E-G-H-J-K-L,P2N,D1
A-B-C-E-G-H-J-K-L,P3A,B3
A-B-C-E-G-H-J-K-L,P3B,B3
A-B-C-E-G-H-J-K-L,P3C,B3
A-B-C-E-G-H-J-K-L,P3E,B3
A-B-C-E-G-H-J-K-L,P3G,B3
A-B-C-E-G-H-J-K-L,P3L,D1
A-B-C-E-G-H-J-K-L,P3N,D1
A-B-C-E-G-H-J-K-L,P3P,D1
A-B-C-E-G-H-J-K-L,P3Y,D1
A-B-C-E-G-H-J-K-L,P4N,B3
A-B-C-E-G-H-J-K-L,P4P,B3
A-B-C-E-G-H-J-K-L,P4R,B3
A-B-C-E-G-H-J-K-L,P5A,D1
A-B-C-E-G-H-J-K-L,P5E,D1
A-B-C-E-G-H-J-K-L,P5N,D1
A-B-C-E-G-H-J-K-L,P6A,B3
A-B-C-E-G-H-J-K-L,P6B,B3
A-B-C-E-G-H-J-K-L,P6C,B3
A-B-C-E-G-H-J-K-L,P7A,E5
A-B-C-E-G-H-J-K-L,P7B,E5
A-B-C-E-G-H-J-K-L,P7C,E5
A-B-C-E-G-H-J-K-L,P7E,E5
A-B-C-E-G-H-J-K-L,P7G,E5
A-B-C-E-G-H-J-K-L,P7J,E5
A-B-C-E-G-H-J-K-L,P7K,E5
A-B-C-E-G-H-J-K-L,P7L,E5
A-B-C-E-G-H-J-K-L,P8N,F2
A-B-C-E-G-H-J-K-L,P8T,F6
A-B-C-E-G-H-J-K-L,P9A,F2
A-B-C-E-G-H-J-K-L,P9N,F2
A-B-C-E-G-H-J-K-L,R0A,F4
A-B-C-E-G-H-J-K-L,R0B,F6
A-B-C-E-G-H-J-K-L,R0B,J2
A-B-C-E-G-H-J-K-L,R0C,J2
A-B-C-E-G-H-J-K-L,R0C,F4
A-B-C-E-G-H-J-K-L,R0E,F4
A-B-C-E-G-H-J-K-L,R0G,F4
A-B-C-E-G-H-J-K-L,R0H,F4
A-B-C-E-G-H-J-K-L,R0J,F4
A-B-C-E-G-H-J-K-L,R0K,F4
A-B-C-E-G-H-J-K-L,R0L,F4
A-B-C-E-G-H-J-K-L,R0M,F4
A-B-C-E-G-H-J-K-L,R1A,F2
A-B-C-E-G-H-J-K-L,R1B,F2
A-B-C-E-G-H-J-K-L,R1C,E5
A-B-C-E-G-H-J-K-L,R1N,F2
A-B-C-E-G-H-J-K-L,R2C,E5
A-B-C-E-G-H-J-K-L,R2E,E5
A-B-C-E-G-H-J-K-L,R2G,E5
A-B-C-E-G-H-J-K-L,R2H,E5
A-B-C-E-G-H-J-K-L,R2J,E5
A-B-C-E-G-H-J-K-L,R2K,E5
A-B-C-E-G-H-J-K-L,R2L,E5
A-B-C-E-G-H-J-K-L,R2M,E5
A-B-C-E-G-H-J-K-L,R2N,E5
A-B-C-E-G-H-J-K-L,R2P,E5
A-B-C-E-G-H-J-K-L,R2R,E5
A-B-C-E-G-H-J-K-L,R2V,E5
A-B-C-E-G-H-J-K-L,R2W,E5
A-B-C-E-G-H-J-K-L,R2X,E5
A-B-C-E-G-H-J-K-L,R2Y,E5
A-B-C-E-G-H-J-K-L,R3A,E5
A-B-C-E-G-H-J-K-L,R3B,E5
A-B-C-E-G-H-J-K-L,R3C,E5
A-B-C-E-G-H-J-K-L,R3E,E5
A-B-C-E-G-H-J-K-L,R3G,E5
A-B-C-E-G-H-J-K-L,R3H,E5
A-B-C-E-G-H-J-K-L,R3J,E5
A-B-C-E-G-H-J-K-L,R3K,E5
A-B-C-E-G-H-J-K-L,R3L,E5
A-B-C-E-G-H-J-K-L,R3M,E5
A-B-C-E-G-H-J-K-L,R3N,E5
A-B-C-E-G-H-J-K-L,R3P,E5
A-B-C-E-G-H-J-K-L,R3R,E5
A-B-C-E-G-H-J-K-L,R3S,E5
A-B-C-E-G-H-J-K-L,R3T,E5
A-B-C-E-G-H-J-K-L,R3V,E5
A-B-C-E-G-H-J-K-L,R3W,E5
A-B-C-E-G-H-J-K-L,R3X,E5
A-B-C-E-G-H-J-K-L,R3Y,E5
A-B-C-E-G-H-J-K-L,R4A,E5
A-B-C-E-G-H-J-K-L,R4G,E5
A-B-C-E-G-H-J-K-L,R4H,E5
A-B-C-E-G-H-J-K-L,R4J,E5
A-B-C-E-G-H-J-K-L,R4K,F2
A-B-C-E-G-H-J-K-L,R4L,F2
A-B-C-E-G-H-J-K-L,R5A,F2
A-B-C-E-G-H-J-K-L,R5G,F2
A-B-C-E-G-H-J-K-L,R5H,F2
A-B-C-E-G-H-J-K-L,R6M,F2
A-B-C-E-G-H-J-K-L,R6W,F2
A-B-C-E-G-H-J-K-L,R7A,E5
A-B-C-E-G-H-J-K-L,R7B,E5
A-B-C-E-G-H-J-K-L,R7C,E5
A-B-C-E-G-H-J-K-L,R7N,F2
A-B-C-E-G-H-J-K-L,R8A,F2
A-B-C-E-G-H-J-K-L,R8N,F2
A-B-C-E-G-H-J-K-L,R9A,F2
A-B-C-E-G-H-J-K-L,S0A,H3
A-B-C-E-G-H-J-K-L,S0C,H3
A-B-C-E-G-H-J-K-L,S0E,H3
A-B-C-E-G-H-J-K-L,S0G,H3
A-B-C-E-G-H-J-K-L,S0H,H3
A-B-C-E-G-H-J-K-L,S0J,H3
A-B-C-E-G-H-J-K-L,S0J,J2
A-B-C-E-G-H-J-K-L,S0K,H3
A-B-C-E-G-H-J-K-L,S0L,H3
A-B-C-E-G-H-J-K-L,S0M,H3
A-B-C-E-G-H-J-K-L,S0N,H3
A-B-C-E-G-H-J-K-L,S0P,H3
A-B-C-E-G-H-J-K-L,S2V,H1
A-B-C-E-G-H-J-K-L,S3N,H1
A-B-C-E-G-H-J-K-L,S4A,H1
A-B-C-E-G-H-J-K-L,S4H,H1
A-B-C-E-G-H-J-K-L,S4K,G1
A-B-C-E-G-H-J-K-L,S4L,G1
A-B-C-E-G-H-J-K-L,S4M,G1
A-B-C-E-G-H-J-K-L,S4N,G1
A-B-C-E-G-H-J-K-L,S4P,G1
A-B-C-E-G-H-J-K-L,S4R,G1
A-B-C-E-G-H-J-K-L,S4S,G1
A-B-C-E-G-H-J-K-L,S4T,G1
A-B-C-E-G-H-J-K-L,S4V,G1
A-B-C-E-G-H-J-K-L,S4W,G1
A-B-C-E-G-H-J-K-L,S4X,G1
A-B-C-E-G-H-J-K-L,S4Y,G1
A-B-C-E-G-H-J-K-L,S4Z,G1
A-B-C-E-G-H-J-K-L,S6H,G1
A-B-C-E-G-H-J-K-L,S6J,G1
A-B-C-E-G-H-J-K-L,S6K,G1
A-B-C-E-G-H-J-K-L,S6V,G1
A-B-C-E-G-H-J-K-L,S6W,G1
A-B-C-E-G-H-J-K-L,S6X,G1
A-B-C-E-G-H-J-K-L,S7A,H3
A-B-C-E-G-H-J-K-L,S7B,H3
A-B-C-E-G-H-J-K-L,S7C,H3
A-B-C-E-G-H-J-K-L,S7H,G1
A-B-C-E-G-H-J-K-L,S7J,G1
A-B-C-E-G-H-J-K-L,S7K,G1
A-B-C-E-G-H-J-K-L,S7L,G1
A-B-C-E-G-H-J-K-L,S7M,G1
A-B-C-E-G-H-J-K-L,S7N,G1
A-B-C-E-G-H-J-K-L,S7P,G1
A-B-C-E-G-H-J-K-L,S7R,G1
A-B-C-E-G-H-J-K-L,S7S,G1
A-B-C-E-G-H-J-K-L,S7T,G1
A-B-C-E-G-H-J-K-L,S7V,G1
A-B-C-E-G-H-J-K-L,S7W,G1
A-B-C-E-G-H-J-K-L,S9A,H1
A-B-C-E-G-H-J-K-L,S9H,H1
A-B-C-E-G-H-J-K-L,S9V,G1
A-B-C-E-G-H-J-K-L,S9X,H1
A-B-C-E-G-H-J-K-L,T0A,H5
A-B-C-E-G-H-J-K-L,T0B,H5
A-B-C-E-G-H-J-K-L,T0C,H5
A-B-C-E-G-H-J-K-L,T0E,H3
A-B-C-E-G-H-J-K-L,T0G,H5
A-B-C-E-G-H-J-K-L,T0H,H5
A-B-C-E-G-H-J-K-L,T0H,J2
A-B-C-E-G-H-J-K-L,T0J,H5
A-B-C-E-G-H-J-K-L,T0K,H5
A-B-C-E-G-H-J-K-L,T0L,H3
A-B-C-E-G-H-J-K-L,T0M,H3
A-B-C-E-G-H-J-K-L,T0P,H5
A-B-C-E-G-H-J-K-L,T0P,J2
A-B-C-E-G-H-J-K-L,T0V,H5
A-B-C-E-G-H-J-K-L,T1A,G1
A-B-C-E-G-H-J-K-L,T1B,G1
A-B-C-E-G-H-J-K-L,T1C,G1
A-B-C-E-G-H-J-K-L,T1G,H1
A-B-C-E-G-H-J-K-L,T1H,G1
A-B-C-E-G-H-J-K-L,T1J,G1
A-B-C-E-G-H-J-K-L,T1K,G1
A-B-C-E-G-H-J-K-L,T1L,H3
A-B-C-E-G-H-J-K-L,T1M,H1
A-B-C-E-G-H-J-K-L,T1P,H1
A-B-C-E-G-H-J-K-L,T1R,H1
A-B-C-E-G-H-J-K-L,T1S,H1
A-B-C-E-G-H-J-K-L,T1V,H1
A-B-C-E-G-H-J-K-L,T1W,H3
A-B-C-E-G-H-J-K-L,T1X,G2
A-B-C-E-G-H-J-K-L,T1Y,G2
A-B-C-E-G-H-J-K-L,T1Z,G2
A-B-C-E-G-H-J-K-L,T2A,G2
A-B-C-E-G-H-J-K-L,T2B,G2
A-B-C-E-G-H-J-K-L,T2C,G2
A-B-C-E-G-H-J-K-L,T2E,G2
A-B-C-E-G-H-J-K-L,T2G,G2
A-B-C-E-G-H-J-K-L,T2H,G2
A-B-C-E-G-H-J-K-L,T2J,G2
A-B-C-E-G-H-J-K-L,T2K,G2
A-B-C-E-G-H-J-K-L,T2L,G2
A-B-C-E-G-H-J-K-L,T2M,G2
A-B-C-E-G-H-J-K-L,T2N,G2
A-B-C-E-G-H-J-K-L,T2P,G2
A-B-C-E-G-H-J-K-L,T2R,G2
A-B-C-E-G-H-J-K-L,T2S,G2
A-B-C-E-G-H-J-K-L,T2T,G2
A-B-C-E-G-H-J-K-L,T2V,G2
A-B-C-E-G-H-J-K-L,T2W,G2
A-B-C-E-G-H-J-K-L,T2X,G2
A-B-C-E-G-H-J-K-L,T2Y,G2
A-B-C-E-G-H-J-K-L,T2Z,G2
A-B-C-E-G-H-J-K-L,T3A,G2
A-B-C-E-G-H-J-K-L,T3B,G2
A-B-C-E-G-H-J-K-L,T3C,G2
A-B-C-E-G-H-J-K-L,T3E,G2
A-B-C-E-G-H-J-K-L,T3G,G2
A-B-C-E-G-H-J-K-L,T3H,G2
A-B-C-E-G-H-J-K-L,T3J,G2
A-B-C-E-G-H-J-K-L,T3K,G2
A-B-C-E-G-H-J-K-L,T3L,G2
A-B-C-E-G-H-J-K-L,T3M,G2
A-B-C-E-G-H-J-K-L,T3N,G2
A-B-C-E-G-H-J-K-L,T3P,G2
A-B-C-E-G-H-J-K-L,T3R,G2
A-B-C-E-G-H-J-K-L,T3S,G2
A-B-C-E-G-H-J-K-L,T3Z,G2
A-B-C-E-G-H-J-K-L,T4A,G2
A-B-C-E-G-H-J-K-L,T4B,G2
A-B-C-E-G-H-J-K-L,T4C,H1
A-B-C-E-G-H-J-K-L,T4E,H1
A-B-C-E-G-H-J-K-L,T4G,H1
A-B-C-E-G-H-J-K-L,T4H,H1
A-B-C-E-G-H-J-K-L,T4J,H1
A-B-C-E-G-H-J-K-L,T4L,H1
A-B-C-E-G-H-J-K-L,T4M,G1
A-B-C-E-G-H-J-K-L,T4N,G1
A-B-C-E-G-H-J-K-L,T4P,G1
A-B-C-E-G-H-J-K-L,T4R,G1
A-B-C-E-G-H-J-K-L,T4S,H1
A-B-C-E-G-H-J-K-L,T4T,H1
A-B-C-E-G-H-J-K-L,T4V,H1
A-B-C-E-G-H-J-K-L,T4X,H1
A-B-C-E-G-H-J-K-L,T5A,G2
A-B-C-E-G-H-J-K-L,T5B,G2
A-B-C-E-G-H-J-K-L,T5C,G2
A-B-C-E-G-H-J-K-L,T5E,G2
A-B-C-E-G-H-J-K-L,T5G,G2
A-B-C-E-G-H-J-K-L,T5H,G2
A-B-C-E-G-H-J-K-L,T5J,G2
A-B-C-E-G-H-J-K-L,T5K,G2
A-B-C-E-G-H-J-K-L,T5L,G2
A-B-C-E-G-H-J-K-L,T5M,G2
A-B-C-E-G-H-J-K-L,T5N,G2
A-B-C-E-G-H-J-K-L,T5P,G2
A-B-C-E-G-H-J-K-L,T5R,G2
A-B-C-E-G-H-J-K-L,T5S,G2
A-B-C-E-G-H-J-K-L,T5T,G2
A-B-C-E-G-H-J-K-L,T5V,G2
A-B-C-E-G-H-J-K-L,T5W,G2
A-B-C-E-G-H-J-K-L,T5X,G2
A-B-C-E-G-H-J-K-L,T5Y,G2
A-B-C-E-G-H-J-K-L,T5Z,G2
A-B-C-E-G-H-J-K-L,T6A,G2
A-B-C-E-G-H-J-K-L,T6B,G2
A-B-C-E-G-H-J-K-L,T6C,G2
A-B-C-E-G-H-J-K-L,T6E,G2
A-B-C-E-G-H-J-K-L,T6G,G2
A-B-C-E-G-H-J-K-L,T6H,G2
A-B-C-E-G-H-J-K-L,T6J,G2
A-B-C-E-G-H-J-K-L,T6K,G2
A-B-C-E-G-H-J-K-L,T6L,G2
A-B-C-E-G-H-J-K-L,T6M,G2
A-B-C-E-G-H-J-K-L,T6N,G2
A-B-C-E-G-H-J-K-L,T6P,G2
A-B-C-E-G-H-J-K-L,T6R,G2
A-B-C-E-G-H-J-K-L,T6S,G2
A-B-C-E-G-H-J-K-L,T6T,G2
A-B-C-E-G-H-J-K-L,T6V,G2
A-B-C-E-G-H-J-K-L,T6W,G2
A-B-C-E-G-H-J-K-L,T6X,G2
A-B-C-E-G-H-J-K-L,T7A,H1
A-B-C-E-G-H-J-K-L,T7E,H1
A-B-C-E-G-H-J-K-L,T7N,H1
A-B-C-E-G-H-J-K-L,T7P,H1
A-B-C-E-G-H-J-K-L,T7S,H1
A-B-C-E-G-H-J-K-L,T7V,H1
A-B-C-E-G-H-J-K-L,T7X,H1
A-B-C-E-G-H-J-K-L,T7Y,H1
A-B-C-E-G-H-J-K-L,T7Z,H1
A-B-C-E-G-H-J-K-L,T8A,G2
A-B-C-E-G-H-J-K-L,T8B,G2
A-B-C-E-G-H-J-K-L,T8C,G2
A-B-C-E-G-H-J-K-L,T8E,G2
A-B-C-E-G-H-J-K-L,T8G,G2
A-B-C-E-G-H-J-K-L,T8H,G2
A-B-C-E-G-H-J-K-L,T8L,H1
A-B-C-E-G-H-J-K-L,T8N,G2
A-B-C-E-G-H-J-K-L,T8R,H1
A-B-C-E-G-H-J-K-L,T8S,H1
A-B-C-E-G-H-J-K-L,T8T,G2
A-B-C-E-G-H-J-K-L,T8V,H1
A-B-C-E-G-H-J-K-L,T8W,H1
A-B-C-E-G-H-J-K-L,T8X,H1
A-B-C-E-G-H-J-K-L,T9A,H1
A-B-C-E-G-H-J-K-L,T9C,H1
A-B-C-E-G-H-J-K-L,T9E,H1
A-B-C-E-G-H-J-K-L,T9G,H1
A-B-C-E-G-H-J-K-L,T9H,H3
A-B-C-E-G-H-J-K-L,T9J,H3
A-B-C-E-G-H-J-K-L,T9K,H3
A-B-C-E-G-H-J-K-L,T9M,H1
A-B-C-E-G-H-J-K-L,T9N,H1
A-B-C-E-G-H-J-K-L,T9S,H1
A-B-C-E-G-H-J-K-L,T9V,G1
A-B-C-E-G-H-J-K-L,T9W,H1
A-B-C-E-G-H-J-K-L,T9X,H1
A-B-C-E-G-H-J-K-L,V0A,H3
A-B-C-E-G-H-J-K-L,V0B,H3
A-B-C-E-G-H-J-K-L,V0C,H5
A-B-C-E-G-H-J-K-L,V0E,H3
A-B-C-E-G-H-J-K-L,V0G,H3
A-B-C-E-G-H-J-K-L,V0H,H3
A-B-C-E-G-H-J-K-L,V0J,H5
A-B-C-E-G-H-J-K-L,V0J,J2
A-B-C-E-G-H-J-K-L,V0K,H5
A-B-C-E-G-H-J-K-L,V0L,H5
A-B-C-E-G-H-J-K-L,V0M,H5
A-B-C-E-G-H-J-K-L,V0N,H3
A-B-C-E-G-H-J-K-L,V0N,J2
A-B-C-E-G-H-J-K-L,V0P,H3
A-B-C-E-G-H-J-K-L,V0P,J2
A-B-C-E-G-H-J-K-L,V0R,H3
A-B-C-E-G-H-J-K-L,V0R,J2
A-B-C-E-G-H-J-K-L,V0S,H3
A-B-C-E-G-H-J-K-L,V0T,H5
A-B-C-E-G-H-J-K-L,V0T,J2
A-B-C-E-G-H-J-K-L,V0V,H5
A-B-C-E-G-H-J-K-L,V0V,J2
A-B-C-E-G-H-J-K-L,V0W,H5
A-B-C-E-G-H-J-K-L,V0X,H5
A-B-C-E-G-H-J-K-L,V0Y,G3
A-B-C-E-G-H-J-K-L,V1A,H1
A-B-C-E-G-H-J-K-L,V1B,G1
A-B-C-E-G-H-J-K-L,V1C,H1
A-B-C-E-G-H-J-K-L,V1E,H1
A-B-C-E-G-H-J-K-L,V1G,H1
A-B-C-E-G-H-J-K-L,V1H,G1
A-B-C-E-G-H-J-K-L,V1J,H1
A-B-C-E-G-H-J-K-L,V1K,H1
A-B-C-E-G-H-J-K-L,V1L,H1
A-B-C-E-G-H-J-K-L,V1M,G3
A-B-C-E-G-H-J-K-L,V1N,H1
A-B-C-E-G-H-J-K-L,V1P,G1
A-B-C-E-G-H-J-K-L,V1R,H1
A-B-C-E-G-H-J-K-L,V1S,G1
A-B-C-E-G-H-J-K-L,V1T,G1
A-B-C-E-G-H-J-K-L,V1V,G1
A-B-C-E-G-H-J-K-L,V1W,G1
A-B-C-E-G-H-J-K-L,V1X,G1
A-B-C-E-G-H-J-K-L,V1Y,G1
A-B-C-E-G-H-J-K-L,V1Z,G1
A-B-C-E-G-H-J-K-L,V2A,H1
A-B-C-E-G-H-J-K-L,V2B,G1
A-B-C-E-G-H-J-K-L,V2C,G1
A-B-C-E-G-H-J-K-L,V2E,G1
A-B-C-E-G-H-J-K-L,V2G,H1
A-B-C-E-G-H-J-K-L,V2H,G1
A-B-C-E-G-H-J-K-L,V2J,H1
A-B-C-E-G-H-J-K-L,V2K,G1
A-B-C-E-G-H-J-K-L,V2L,G1
A-B-C-E-G-H-J-K-L,V2M,G1
A-B-C-E-G-H-J-K-L,V2N,G1
A-B-C-E-G-H-J-K-L,V2P,G1
A-B-C-E-G-H-J-K-L,V2R,G1
A-B-C-E-G-H-J-K-L,V2S,G3
A-B-C-E-G-H-J-K-L,V2T,G3
A-B-C-E-G-H-J-K-L,V2V,G3
A-B-C-E-G-H-J-K-L,V2W,G3
A-B-C-E-G-H-J-K-L,V2X,G3
A-B-C-E-G-H-J-K-L,V2Y,G3
A-B-C-E-G-H-J-K-L,V2Z,G3
A-B-C-E-G-H-J-K-L,V3A,G3
A-B-C-E-G-H-J-K-L,V3B,G3
A-B-C-E-G-H-J-K-L,V3C,G3
A-B-C-E-G-H-J-K-L,V3E,G3
A-B-C-E-G-H-J-K-L,V3G,G3
A-B-C-E-G-H-J-K-L,V3H,G3
A-B-C-E-G-H-J-K-L,V3J,G3
A-B-C-E-G-H-J-K-L,V3K,G3
A-B-C-E-G-H-J-K-L,V3L,G3
A-B-C-E-G-H-J-K-L,V3M,G3
A-B-C-E-G-H-J-K-L,V3N,G3
A-B-C-E-G-H-J-K-L,V3R,G3
A-B-C-E-G-H-J-K-L,V3S,G3
A-B-C-E-G-H-J-K-L,V3T,G3
A-B-C-E-G-H-J-K-L,V3V,G3
A-B-C-E-G-H-J-K-L,V3W,G3
A-B-C-E-G-H-J-K-L,V3X,G3
A-B-C-E-G-H-J-K-L,V3Y,G3
A-B-C-E-G-H-J-K-L,V3Z,G3
A-B-C-E-G-H-J-K-L,V4A,G3
A-B-C-E-G-H-J-K-L,V4B,G3
A-B-C-E-G-H-J-K-L,V4C,G3
A-B-C-E-G-H-J-K-L,V4E,G3
A-B-C-E-G-H-J-K-L,V4G,G3
A-B-C-E-G-H-J-K-L,V4K,G3
A-B-C-E-G-H-J-K-L,V4L,G3
A-B-C-E-G-H-J-K-L,V4M,G3
A-B-C-E-G-H-J-K-L,V4N,G3
A-B-C-E-G-H-J-K-L,V4P,G3
A-B-C-E-G-H-J-K-L,V4R,G3
A-B-C-E-G-H-J-K-L,V4S,G3
A-B-C-E-G-H-J-K-L,V4T,G1
A-B-C-E-G-H-J-K-L,V4V,H1
A-B-C-E-G-H-J-K-L,V4W,G3
A-B-C-E-G-H-J-K-L,V4X,G3
A-B-C-E-G-H-J-K-L,V4Z,G1
A-B-C-E-G-H-J-K-L,V5A,G3
A-B-C-E-G-H-J-K-L,V5B,G3
A-B-C-E-G-H-J-K-L,V5C,G3
A-B-C-E-G-H-J-K-L,V5E,G3
A-B-C-E-G-H-J-K-L,V5G,G3
A-B-C-E-G-H-J-K-L,V5H,G3
A-B-C-E-G-H-J-K-L,V5J,G3
A-B-C-E-G-H-J-K-L,V5K,G3
A-B-C-E-G-H-J-K-L,V5L,G3
A-B-C-E-G-H-J-K-L,V5M,G3
A-B-C-E-G-H-J-K-L,V5N,G3
A-B-C-E-G-H-J-K-L,V5P,G3
A-B-C-E-G-H-J-K-L,V5R,G3
A-B-C-E-G-H-J-K-L,V5S,G3
A-B-C-E-G-H-J-K-L,V5T,G3
A-B-C-E-G-H-J-K-L,V5V,G3
A-B-C-E-G-H-J-K-L,V5W,G3
A-B-C-E-G-H-J-K-L,V5X,G3
A-B-C-E-G-H-J-K-L,V5Y,G3
A-B-C-E-G-H-J-K-L,V5Z,G3
A-B-C-E-G-H-J-K-L,V6A,G3
A-B-C-E-G-H-J-K-L,V6B,G3
A-B-C-E-G-H-J-K-L,V6C,G3
A-B-C-E-G-H-J-K-L,V6E,G3
A-B-C-E-G-H-J-K-L,V6G,G3
A-B-C-E-G-H-J-K-L,V6H,G3
A-B-C-E-G-H-J-K-L,V6J,G3
A-B-C-E-G-H-J-K-L,V6K,G3
A-B-C-E-G-H-J-K-L,V6L,G3
A-B-C-E-G-H-J-K-L,V6M,G3
A-B-C-E-G-H-J-K-L,V6N,G3
A-B-C-E-G-H-J-K-L,V6P,G3
A-B-C-E-G-H-J-K-L,V6R,G3
A-B-C-E-G-H-J-K-L,V6S,G3
A-B-C-E-G-H-J-K-L,V6T,G3
A-B-C-E-G-H-J-K-L,V6V,G3
A-B-C-E-G-H-J-K-L,V6W,G3
A-B-C-E-G-H-J-K-L,V6X,G3
A-B-C-E-G-H-J-K-L,V6Y,G3
A-B-C-E-G-H-J-K-L,V6Z,G3
A-B-C-E-G-H-J-K-L,V7A,G3
A-B-C-E-G-H-J-K-L,V7B,G3
A-B-C-E-G-H-J-K-L,V7C,G3
A-B-C-E-G-H-J-K-L,V7E,G3
A-B-C-E-G-H-J-K-L,V7G,G3
A-B-C-E-G-H-J-K-L,V7H,G3
A-B-C-E-G-H-J-K-L,V7J,G3
A-B-C-E-G-H-J-K-L,V7K,G3
A-B-C-E-G-H-J-K-L,V7L,G3
A-B-C-E-G-H-J-K-L,V7M,G3
A-B-C-E-G-H-J-K-L,V7N,G3
A-B-C-E-G-H-J-K-L,V7P,G3
A-B-C-E-G-H-J-K-L,V7R,G3
A-B-C-E-G-H-J-K-L,V7S,G3
A-B-C-E-G-H-J-K-L,V7T,G3
A-B-C-E-G-H-J-K-L,V7V,G3
A-B-C-E-G-H-J-K-L,V7W,G3
A-B-C-E-G-H-J-K-L,V7X,G3
A-B-C-E-G-H-J-K-L,V7Y,G3
A-B-C-E-G-H-J-K-L,V8A,H1
A-B-C-E-G-H-J-K-L,V8B,H1
A-B-C-E-G-H-J-K-L,V8C,H1
A-B-C-E-G-H-J-K-L,V8G,H1
A-B-C-E-G-H-J-K-L,V8J,H1
A-B-C-E-G-H-J-K-L,V8K,H1
A-B-C-E-G-H-J-K-L,V8L,H1
A-B-C-E-G-H-J-K-L,V8M,G1
A-B-C-E-G-H-J-K-L,V8N,G1
A-B-C-E-G-H-J-K-L,V8P,G1
A-B-C-E-G-H-J-K-L,V8R,G1
A-B-C-E-G-H-J-K-L,V8S,G1
A-B-C-E-G-H-J-K-L,V8T,G1
A-B-C-E-G-H-J-K-L,V8V,G1
A-B-C-E-G-H-J-K-L,V8W,G1
A-B-C-E-G-H-J-K-L,V8X,G1
A-B-C-E-G-H-J-K-L,V8Y,G1
A-B-C-E-G-H-J-K-L,V8Z,G1
A-B-C-E-G-H-J-K-L,V9A,G1
A-B-C-E-G-H-J-K-L,V9B,G1
A-B-C-E-G-H-J-K-L,V9C,G1
A-B-C-E-G-H-J-K-L,V9E,G1
A-B-C-E-G-H-J-K-L,V9G,H1
A-B-C-E-G-H-J-K-L,V9H,H1
A-B-C-E-G-H-J-K-L,V9J,H1
A-B-C-E-G-H-J-K-L,V9K,H1
A-B-C-E-G-H-J-K-L,V9L,H1
A-B-C-E-G-H-J-K-L,V9M,H1
A-B-C-E-G-H-J-K-L,V9N,H1
A-B-C-E-G-H-J-K-L,V9P,H1
A-B-C-E-G-H-J-K-L,V9R,G1
A-B-C-E-G-H-J-K-L,V9S,G1
A-B-C-E-G-H-J-K-L,V9T,G1
A-B-C-E-G-H-J-K-L,V9V,G1
A-B-C-E-G-H-J-K-L,V9W,H1
A-B-C-E-G-H-J-K-L,V9X,G1
A-B-C-E-G-H-J-K-L,V9Y,H1
A-B-C-E-G-H-J-K-L,V9Z,H1
A-B-C-E-G-H-J-K-L,X0A,H5
A-B-C-E-G-H-J-K-L,X0A,J2
A-B-C-E-G-H-J-K-L,X0B,H5
A-B-C-E-G-H-J-K-L,X0B,J2
A-B-C-E-G-H-J-K-L,X0C,H5
A-B-C-E-G-H-J-K-L,X0C,J2
A-B-C-E-G-H-J-K-L,X0E,H5
A-B-C-E-G-H-J-K-L,X0E,J2
A-B-C-E-G-H-J-K-L,X0G,H5
A-B-C-E-G-H-J-K-L,X1A,G1
A-B-C-E-G-H-J-K-L,Y0A,H5
A-B-C-E-G-H-J-K-L,Y0B,H5
A-B-C-E-G-H-J-K-L,Y0B,J2
A-B-C-E-G-H-J-K-L,Y1A,G1
M-N-P-R-S-T-V-X-Y,A0A,H5
M-N-P-R-S-T-V-X-Y,A0B,H5
M-N-P-R-S-T-V-X-Y,A0C,H5
M-N-P-R-S-T-V-X-Y,A0E,H5
M-N-P-R-S-T-V-X-Y,A0G,H5
M-N-P-R-S-T-V-X-Y,A0H,H5
M-N-P-R-S-T-V-X-Y,A0J,H5
M-N-P-R-S-T-V-X-Y,A0K,H5
M-N-P-R-S-T-V-X-Y,A0K,J2
M-N-P-R-S-T-V-X-Y,A0L,H5
M-N-P-R-S-T-V-X-Y,A0M,H5
M-N-P-R-S-T-V-X-Y,A0N,H5
M-N-P-R-S-T-V-X-Y,A0P,E1
M-N-P-R-S-T-V-X-Y,A0P,J2
M-N-P-R-S-T-V-X-Y,A0R,E1
M-N-P-R-S-T-V-X-Y,A1A,G1
M-N-P-R-S-T-V-X-Y,A1B,G1
M-N-P-R-S-T-V-X-Y,A1C,G1
M-N-P-R-S-T-V-X-Y,A1E,G1
M-N-P-R-S-T-V-X-Y,A1G,G1
M-N-P-R-S-T-V-X-Y,A1H,G1
M-N-P-R-S-T-V-X-Y,A1K,H5
M-N-P-R-S-T-V-X-Y,A1L,H5
M-N-P-R-S-T-V-X-Y,A1M,H5
M-N-P-R-S-T-V-X-Y,A1N,G1
M-N-P-R-S-T-V-X-Y,A1S,H5
M-N-P-R-S-T-V-X-Y,A1V,H5
M-N-P-R-S-T-V-X-Y,A1W,H5
M-N-P-R-S-T-V-X-Y,A1X,H5
M-N-P-R-S-T-V-X-Y,A1Y,H5
M-N-P-R-S-T-V-X-Y,A2A,H5
M-N-P-R-S-T-V-X-Y,A2B,H5
M-N-P-R-S-T-V-X-Y,A2H,H5
M-N-P-R-S-T-V-X-Y,A2N,H5
M-N-P-R-S-T-V-X-Y,A2V,E1
M-N-P-R-S-T-V-X-Y,A5A,H5
M-N-P-R-S-T-V-X-Y,A8A,H5
M-N-P-R-S-T-V-X-Y,B0C,F4
M-N-P-R-S-T-V-X-Y,B0E,F4
M-N-P-R-S-T-V-X-Y,B0H,F4
M-N-P-R-S-T-V-X-Y,B0J,F4
M-N-P-R-S-T-V-X-Y,B0K,F4
M-N-P-R-S-T-V-X-Y,B0L,F4
M-N-P-R-S-T-V-X-Y,B0M,F4
M-N-P-R-S-T-V-X-Y,B0N,F4
M-N-P-R-S-T-V-X-Y,B0P,F4
M-N-P-R-S-T-V-X-Y,B0R,F4
M-N-P-R-S-T-V-X-Y,B0S,F4
M-N-P-R-S-T-V-X-Y,B0T,F4
M-N-P-R-S-T-V-X-Y,B0V,F4
M-N-P-R-S-T-V-X-Y,B0W,F4
M-N-P-R-S-T-V-X-Y,B1A,F2
M-N-P-R-S-T-V-X-Y,B1B,F2
M-N-P-R-S-T-V-X-Y,B1C,F2
M-N-P-R-S-T-V-X-Y,B1E,F2
M-N-P-R-S-T-V-X-Y,B1G,F2
M-N-P-R-S-T-V-X-Y,B1H,F2
M-N-P-R-S-T-V-X-Y,B1J,F2
M-N-P-R-S-T-V-X-Y,B1K,F2
M-N-P-R-S-T-V-X-Y,B1L,F2
M-N-P-R-S-T-V-X-Y,B1M,E5
M-N-P-R-S-T-V-X-Y,B1N,E5
M-N-P-R-S-T-V-X-Y,B1P,E5
M-N-P-R-S-T-V-X-Y,B1R,E5
M-N-P-R-S-T-V-X-Y,B1S,E5
M-N-P-R-S-T-V-X-Y,B1T,F2
M-N-P-R-S-T-V-X-Y,B1V,F2
M-N-P-R-S-T-V-X-Y,B1W,F2
M-N-P-R-S-T-V-X-Y,B1X,F2
M-N-P-R-S-T-V-X-Y,B1Y,F2
M-N-P-R-S-T-V-X-Y,B2A,F2
M-N-P-R-S-T-V-X-Y,B2C,F2
M-N-P-R-S-T-V-X-Y,B2E,F2
M-N-P-R-S-T-V-X-Y,B2G,F2
M-N-P-R-S-T-V-X-Y,B2H,F2
M-N-P-R-S-T-V-X-Y,B2J,F2
M-N-P-R-S-T-V-X-Y,B2N,F2
M-N-P-R-S-T-V-X-Y,B2R,F2
M-N-P-R-S-T-V-X-Y,B2S,F2
M-N-P-R-S-T-V-X-Y,B2T,F2
M-N-P-R-S-T-V-X-Y,B2V,E4
M-N-P-R-S-T-V-X-Y,B2W,E4
M-N-P-R-S-T-V-X-Y,B2X,E4
M-N-P-R-S-T-V-X-Y,B2Y,E4
M-N-P-R-S-T-V-X-Y,B2Z,E4
M-N-P-R-S-T-V-X-Y,B3A,E4
M-N-P-R-S-T-V-X-Y,B3B,E4
M-N-P-R-S-T-V-X-Y,B3E,F2
M-N-P-R-S-T-V-X-Y,B3G,F2
M-N-P-R-S-T-V-X-Y,B3H,E4
M-N-P-R-S-T-V-X-Y,B3J,E4
M-N-P-R-S-T-V-X-Y,B3K,E4
M-N-P-R-S-T-V-X-Y,B3L,E4
M-N-P-R-S-T-V-X-Y,B3M,E4
M-N-P-R-S-T-V-X-Y,B3N,E4
M-N-P-R-S-T-V-X-Y,B3P,E4
M-N-P-R-S-T-V-X-Y,B3R,E4
M-N-P-R-S-T-V-X-Y,B3S,E4
M-N-P-R-S-T-V-X-Y,B3T,E4
M-N-P-R-S-T-V-X-Y,B3V,E4
M-N-P-R-S-T-V-X-Y,B3Z,E4
M-N-P-R-S-T-V-X-Y,B4A,E4
M-N-P-R-S-T-V-X-Y,B4B,E4
M-N-P-R-S-T-V-X-Y,B4C,E4
M-N-P-R-S-T-V-X-Y,B4E,E4
M-N-P-R-S-T-V-X-Y,B4G,E4
M-N-P-R-S-T-V-X-Y,B4H,F2
M-N-P-R-S-T-V-X-Y,B4N,F2
M-N-P-R-S-T-V-X-Y,B4P,F2
M-N-P-R-S-T-V-X-Y,B4R,F2
M-N-P-R-S-T-V-X-Y,B4V,F2
M-N-P-R-S-T-V-X-Y,B5A,F2
M-N-P-R-S-T-V-X-Y,B6L,F2
M-N-P-R-S-T-V-X-Y,B9A,F2
M-N-P-R-S-T-V-X-Y,C0A,F4
M-N-P-R-S-T-V-X-Y,C0B,F4
M-N-P-R-S-T-V-X-Y,C1A,E5
M-N-P-R-S-T-V-X-Y,C1B,E5
M-N-P-R-S-T-V-X-Y,C1C,E5
M-N-P-R-S-T-V-X-Y,C1E,E5
M-N-P-R-S-T-V-X-Y,C1N,F2
M-N-P-R-S-T-V-X-Y,E1A,E4
M-N-P-R-S-T-V-X-Y,E1B,E4
M-N-P-R-S-T-V-X-Y,E1C,E4
M-N-P-R-S-T-V-X-Y,E1E,E4
M-N-P-R-S-T-V-X-Y,E1G,E4
M-N-P-R-S-T-V-X-Y,E1H,E4
M-N-P-R-S-T-V-X-Y,E1J,E4
M-N-P-R-S-T-V-X-Y,E1N,F2
M-N-P-R-S-T-V-X-Y,E1V,F2
M-N-P-R-S-T-V-X-Y,E1W,F4
M-N-P-R-S-T-V-X-Y,E1X,F4
M-N-P-R-S-T-V-X-Y,E2A,F2
M-N-P-R-S-T-V-X-Y,E2E,E5
M-N-P-R-S-T-V-X-Y,E2G,E5
M-N-P-R-S-T-V-X-Y,E2H,E5
M-N-P-R-S-T-V-X-Y,E2J,E5
M-N-P-R-S-T-V-X-Y,E2K,E5
M-N-P-R-S-T-V-X-Y,E2L,E5
M-N-P-R-S-T-V-X-Y,E2M,E5
M-N-P-R-S-T-V-X-Y,E2N,E5
M-N-P-R-S-T-V-X-Y,E2P,E5
M-N-P-R-S-T-V-X-Y,E2R,E5
M-N-P-R-S-T-V-X-Y,E2S,E5
M-N-P-R-S-T-V-X-Y,E2V,F2
M-N-P-R-S-T-V-X-Y,E3A,E5
M-N-P-R-S-T-V-X-Y,E3B,E5
M-N-P-R-S-T-V-X-Y,E3C,E5
M-N-P-R-S-T-V-X-Y,E3E,E5
M-N-P-R-S-T-V-X-Y,E3G,E5
M-N-P-R-S-T-V-X-Y,E3L,F2
M-N-P-R-S-T-V-X-Y,E3N,F2
M-N-P-R-S-T-V-X-Y,E3V,F2
M-N-P-R-S-T-V-X-Y,E3Y,F4
M-N-P-R-S-T-V-X-Y,E3Z,F4
M-N-P-R-S-T-V-X-Y,E4A,F4
M-N-P-R-S-T-V-X-Y,E4B,F4
M-N-P-R-S-T-V-X-Y,E4C,F4
M-N-P-R-S-T-V-X-Y,E4E,F4
M-N-P-R-S-T-V-X-Y,E4G,F4
M-N-P-R-S-T-V-X-Y,E4H,F4
M-N-P-R-S-T-V-X-Y,E4J,F4
M-N-P-R-S-T-V-X-Y,E4K,F4
M-N-P-R-S-T-V-X-Y,E4L,F4
M-N-P-R-S-T-V-X-Y,E4M,F4
M-N-P-R-S-T-V-X-Y,E4N,F4
M-N-P-R-S-T-V-X-Y,E4P,F4
M-N-P-R-S-T-V-X-Y,E4R,F4
M-N-P-R-S-T-V-X-Y,E4S,F4
M-N-P-R-S-T-V-X-Y,E4T,F4
M-N-P-R-S-T-V-X-Y,E4V,F4
M-N-P-R-S-T-V-X-Y,E4W,F4
M-N-P-R-S-T-V-X-Y,E4X,F4
M-N-P-R-S-T-V-X-Y,E4Y,F4
M-N-P-R-S-T-V-X-Y,E4Z,F4
M-N-P-R-S-T-V-X-Y,E5A,F4
M-N-P-R-S-T-V-X-Y,E5B,F4
M-N-P-R-S-T-V-X-Y,E5C,F4
M-N-P-R-S-T-V-X-Y,E5E,F4
M-N-P-R-S-T-V-X-Y,E5G,F4
M-N-P-R-S-T-V-X-Y,E5H,F4
M-N-P-R-S-T-V-X-Y,E5J,F4
M-N-P-R-S-T-V-X-Y,E5K,F4
M-N-P-R-S-T-V-X-Y,E5L,F4
M-N-P-R-S-T-V-X-Y,E5M,F4
M-N-P-R-S-T-V-X-Y,E5N,F4
M-N-P-R-S-T-V-X-Y,E5P,F4
M-N-P-R-S-T-V-X-Y,E5R,F4
M-N-P-R-S-T-V-X-Y,E5S,F4
M-N-P-R-S-T-V-X-Y,E5T,F4
M-N-P-R-S-T-V-X-Y,E5V,F4
M-N-P-R-S-T-V-X-Y,E6A,F4
M-N-P-R-S-T-V-X-Y,E6B,F4
M-N-P-R-S-T-V-X-Y,E6C,F4
M-N-P-R-S-T-V-X-Y,E6E,F4
M-N-P-R-S-T-V-X-Y,E6G,F4
M-N-P-R-S-T-V-X-Y,E6H,F4
M-N-P-R-S-T-V-X-Y,E6J,F4
M-N-P-R-S-T-V-X-Y,E6K,F4
M-N-P-R-S-T-V-X-Y,E6L,F4
M-N-P-R-S-T-V-X-Y,E7A,F4
M-N-P-R-S-T-V-X-Y,E7B,F4
M-N-P-R-S-T-V-X-Y,E7C,F4
M-N-P-R-S-T-V-X-Y,E7E,F4
M-N-P-R-S-T-V-X-Y,E7G,F4
M-N-P-R-S-T-V-X-Y,E7H,F4
M-N-P-R-S-T-V-X-Y,E7J,F4
M-N-P-R-S-T-V-X-Y,E7K,F4
M-N-P-R-S-T-V-X-Y,E7L,F4
M-N-P-R-S-T-V-X-Y,E7M,F4
M-N-P-R-S-T-V-X-Y,E7N,F4
M-N-P-R-S-T-V-X-Y,E7P,F4
M-N-P-R-S-T-V-X-Y,E8A,F4
M-N-P-R-S-T-V-X-Y,E8B,F4
M-N-P-R-S-T-V-X-Y,E8C,F4
M-N-P-R-S-T-V-X-Y,E8E,F4
M-N-P-R-S-T-V-X-Y,E8G,F4
M-N-P-R-S-T-V-X-Y,E8J,F4
M-N-P-R-S-T-V-X-Y,E8K,F4
M-N-P-R-S-T-V-X-Y,E8L,F4
M-N-P-R-S-T-V-X-Y,E8M,F4
M-N-P-R-S-T-V-X-Y,E8N,F4
M-N-P-R-S-T-V-X-Y,E8P,F4
M-N-P-R-S-T-V-X-Y,E8R,F4
M-N-P-R-S-T-V-X-Y,E8S,F4
M-N-P-R-S-T-V-X-Y,E8T,F4
M-N-P-R-S-T-V-X-Y,E9A,F4
M-N-P-R-S-T-V-X-Y,E9B,F4
M-N-P-R-S-T-V-X-Y,E9C,F4
M-N-P-R-S-T-V-X-Y,E9E,F4
M-N-P-R-S-T-V-X-Y,E9G,F4
M-N-P-R-S-T-V-X-Y,E9H,F4
M-N-P-R-S-T-V-X-Y,G0A,D2
M-N-P-R-S-T-V-X-Y,G0C,F3
M-N-P-R-S-T-V-X-Y,G0E,F3
M-N-P-R-S-T-V-X-Y,G0G,E1
M-N-P-R-S-T-V-X-Y,G0G,J2
M-N-P-R-S-T-V-X-Y,G0H,F3
M-N-P-R-S-T-V-X-Y,G0J,F3
M-N-P-R-S-T-V-X-Y,G0K,D2
M-N-P-R-S-T-V-X-Y,G0L,D2
M-N-P-R-S-T-V-X-Y,G0M,D2
M-N-P-R-S-T-V-X-Y,G0N,D2
M-N-P-R-S-T-V-X-Y,G0P,D2
M-N-P-R-S-T-V-X-Y,G0R,D2
M-N-P-R-S-T-V-X-Y,G0S,D2
M-N-P-R-S-T-V-X-Y,G0T,D2
M-N-P-R-S-T-V-X-Y,G0V,D2
M-N-P-R-S-T-V-X-Y,G0W,F3
M-N-P-R-S-T-V-X-Y,G0X,D2
M-N-P-R-S-T-V-X-Y,G0Y,D2
M-N-P-R-S-T-V-X-Y,G0Z,D2
M-N-P-R-S-T-V-X-Y,G1A,B2
M-N-P-R-S-T-V-X-Y,G1B,B2
M-N-P-R-S-T-V-X-Y,G1C,B2
M-N-P-R-S-T-V-X-Y,G1E,B2
M-N-P-R-S-T-V-X-Y,G1G,B2
M-N-P-R-S-T-V-X-Y,G1H,B2
M-N-P-R-S-T-V-X-Y,G1J,B2
M-N-P-R-S-T-V-X-Y,G1K,B2
M-N-P-R-S-T-V-X-Y,G1L,B2
M-N-P-R-S-T-V-X-Y,G1M,B2
M-N-P-R-S-T-V-X-Y,G1N,B2
M-N-P-R-S-T-V-X-Y,G1P,B2
M-N-P-R-S-T-V-X-Y,G1R,B2
M-N-P-R-S-T-V-X-Y,G1S,B2
M-N-P-R-S-T-V-X-Y,G1T,B2
M-N-P-R-S-T-V-X-Y,G1V,B2
M-N-P-R-S-T-V-X-Y,G1W,B2
M-N-P-R-S-T-V-X-Y,G1X,B2
M-N-P-R-S-T-V-X-Y,G1Y,B2
M-N-P-R-S-T-V-X-Y,G2A,B2
M-N-P-R-S-T-V-X-Y,G2B,B2
M-N-P-R-S-T-V-X-Y,G2C,B2
M-N-P-R-S-T-V-X-Y,G2E,B2
M-N-P-R-S-T-V-X-Y,G2G,B2
M-N-P-R-S-T-V-X-Y,G2J,B2
M-N-P-R-S-T-V-X-Y,G2K,B2
M-N-P-R-S-T-V-X-Y,G2L,B2
M-N-P-R-S-T-V-X-Y,G2M,B2
M-N-P-R-S-T-V-X-Y,G2N,B2
M-N-P-R-S-T-V-X-Y,G3A,B2
M-N-P-R-S-T-V-X-Y,G3B,B2
M-N-P-R-S-T-V-X-Y,G3C,B2
M-N-P-R-S-T-V-X-Y,G3E,B2
M-N-P-R-S-T-V-X-Y,G3G,B2
M-N-P-R-S-T-V-X-Y,G3H,D2
M-N-P-R-S-T-V-X-Y,G3J,B2
M-N-P-R-S-T-V-X-Y,G3K,B2
M-N-P-R-S-T-V-X-Y,G3L,D2
M-N-P-R-S-T-V-X-Y,G3M,D2
M-N-P-R-S-T-V-X-Y,G3N,D2
M-N-P-R-S-T-V-X-Y,G3Z,D2
M-N-P-R-S-T-V-X-Y,G4A,D2
M-N-P-R-S-T-V-X-Y,G4R,F1
M-N-P-R-S-T-V-X-Y,G4S,F1
M-N-P-R-S-T-V-X-Y,G4T,F3
M-N-P-R-S-T-V-X-Y,G4V,F3
M-N-P-R-S-T-V-X-Y,G4W,F1
M-N-P-R-S-T-V-X-Y,G4X,F1
M-N-P-R-S-T-V-X-Y,G4Z,F1
M-N-P-R-S-T-V-X-Y,G5A,D2
M-N-P-R-S-T-V-X-Y,G5B,F1
M-N-P-R-S-T-V-X-Y,G5C,F1
M-N-P-R-S-T-V-X-Y,G5H,F1
M-N-P-R-S-T-V-X-Y,G5J,F3
M-N-P-R-S-T-V-X-Y,G5L,D2
M-N-P-R-S-T-V-X-Y,G5M,D2
M-N-P-R-S-T-V-X-Y,G5N,D2
M-N-P-R-S-T-V-X-Y,G5R,D2
M-N-P-R-S-T-V-X-Y,G5T,D2
M-N-P-R-S-T-V-X-Y,G5V,D2
M-N-P-R-S-T-V-X-Y,G5X,D2
M-N-P-R-S-T-V-X-Y,G5Y,D2
M-N-P-R-S-T-V-X-Y,G5Z,D2
M-N-P-R-S-T-V-X-Y,G6A,D2
M-N-P-R-S-T-V-X-Y,G6B,D2
M-N-P-R-S-T-V-X-Y,G6C,D2
M-N-P-R-S-T-V-X-Y,G6E,D2
M-N-P-R-S-T-V-X-Y,G6G,D2
M-N-P-R-S-T-V-X-Y,G6H,D2
M-N-P-R-S-T-V-X-Y,G6J,D2
M-N-P-R-S-T-V-X-Y,G6K,D2
M-N-P-R-S-T-V-X-Y,G6L,D2
M-N-P-R-S-T-V-X-Y,G6P,D2
M-N-P-R-S-T-V-X-Y,G6R,D2
M-N-P-R-S-T-V-X-Y,G6S,D2
M-N-P-R-S-T-V-X-Y,G6T,D2
M-N-P-R-S-T-V-X-Y,G6V,B2
M-N-P-R-S-T-V-X-Y,G6W,B2
M-N-P-R-S-T-V-X-Y,G6X,B2
M-N-P-R-S-T-V-X-Y,G6Y,B2
M-N-P-R-S-T-V-X-Y,G6Z,D2
M-N-P-R-S-T-V-X-Y,G7A,D2
M-N-P-R-S-T-V-X-Y,G7B,B4
M-N-P-R-S-T-V-X-Y,G7G,B4
M-N-P-R-S-T-V-X-Y,G7H,B4
M-N-P-R-S-T-V-X-Y,G7J,B4
M-N-P-R-S-T-V-X-Y,G7K,B4
M-N-P-R-S-T-V-X-Y,G7N,D2
M-N-P-R-S-T-V-X-Y,G7P,D2
M-N-P-R-S-T-V-X-Y,G7S,B4
M-N-P-R-S-T-V-X-Y,G7T,B4
M-N-P-R-S-T-V-X-Y,G7X,B4
M-N-P-R-S-T-V-X-Y,G7Y,B4
M-N-P-R-S-T-V-X-Y,G7Z,B4
M-N-P-R-S-T-V-X-Y,G8A,B4
M-N-P-R-S-T-V-X-Y,G8B,F1
M-N-P-R-S-T-V-X-Y,G8C,F1
M-N-P-R-S-T-V-X-Y,G8E,F3
M-N-P-R-S-T-V-X-Y,G8G,F3
M-N-P-R-S-T-V-X-Y,G8H,F1
M-N-P-R-S-T-V-X-Y,G8J,D2
M-N-P-R-S-T-V-X-Y,G8K,F1
M-N-P-R-S-T-V-X-Y,G8L,F1
M-N-P-R-S-T-V-X-Y,G8M,D2
M-N-P-R-S-T-V-X-Y,G8N,D2
M-N-P-R-S-T-V-X-Y,G8P,F1
M-N-P-R-S-T-V-X-Y,G8T,D2
M-N-P-R-S-T-V-X-Y,G8V,D2
M-N-P-R-S-T-V-X-Y,G8W,D2
M-N-P-R-S-T-V-X-Y,G8Y,B4
M-N-P-R-S-T-V-X-Y,G8Z,B4
M-N-P-R-S-T-V-X-Y,G9A,B4
M-N-P-R-S-T-V-X-Y,G9B,B4
M-N-P-R-S-T-V-X-Y,G9C,B4
M-N-P-R-S-T-V-X-Y,G9H,D2
M-N-P-R-S-T-V-X-Y,G9N,D2
M-N-P-R-S-T-V-X-Y,G9P,D2
M-N-P-R-S-T-V-X-Y,G9R,D2
M-N-P-R-S-T-V-X-Y,G9T,D2
M-N-P-R-S-T-V-X-Y,G9X,D2
M-N-P-R-S-T-V-X-Y,H0M,D2
M-N-P-R-S-T-V-X-Y,H0R,B2
M-N-P-R-S-T-V-X-Y,H1A,B2
M-N-P-R-S-T-V-X-Y,H1B,B2
M-N-P-R-S-T-V-X-Y,H1C,B2
M-N-P-R-S-T-V-X-Y,H1E,B2
M-N-P-R-S-T-V-X-Y,H1G,B2
M-N-P-R-S-T-V-X-Y,H1H,B2
M-N-P-R-S-T-V-X-Y,H1J,B2
M-N-P-R-S-T-V-X-Y,H1K,B2
M-N-P-R-S-T-V-X-Y,H1L,B2
M-N-P-R-S-T-V-X-Y,H1M,B2
M-N-P-R-S-T-V-X-Y,H1N,B2
M-N-P-R-S-T-V-X-Y,H1P,B2
M-N-P-R-S-T-V-X-Y,H1R,B2
M-N-P-R-S-T-V-X-Y,H1S,B2
M-N-P-R-S-T-V-X-Y,H1T,B2
M-N-P-R-S-T-V-X-Y,H1V,B2
M-N-P-R-S-T-V-X-Y,H1W,B2
M-N-P-R-S-T-V-X-Y,H1X,B2
M-N-P-R-S-T-V-X-Y,H1Y,B2
M-N-P-R-S-T-V-X-Y,H1Z,B2
M-N-P-R-S-T-V-X-Y,H2A,B2
M-N-P-R-S-T-V-X-Y,H2B,B2
M-N-P-R-S-T-V-X-Y,H2C,B2
M-N-P-R-S-T-V-X-Y,H2E,B2
M-N-P-R-S-T-V-X-Y,H2G,B2
M-N-P-R-S-T-V-X-Y,H2H,B2
M-N-P-R-S-T-V-X-Y,H2J,B2
M-N-P-R-S-T-V-X-Y,H2K,B2
M-N-P-R-S-T-V-X-Y,H2L,B2
M-N-P-R-S-T-V-X-Y,H2M,B2
M-N-P-R-S-T-V-X-Y,H2N,B2
M-N-P-R-S-T-V-X-Y,H2P,B2
M-N-P-R-S-T-V-X-Y,H2R,B2
M-N-P-R-S-T-V-X-Y,H2S,B2
M-N-P-R-S-T-V-X-Y,H2T,B2
M-N-P-R-S-T-V-X-Y,H2V,B2
M-N-P-R-S-T-V-X-Y,H2W,B2
M-N-P-R-S-T-V-X-Y,H2X,B2
M-N-P-R-S-T-V-X-Y,H2Y,B2
M-N-P-R-S-T-V-X-Y,H2Z,B2
M-N-P-R-S-T-V-X-Y,H3A,B2
M-N-P-R-S-T-V-X-Y,H3B,B2
M-N-P-R-S-T-V-X-Y,H3C,B2
M-N-P-R-S-T-V-X-Y,H3E,B2
M-N-P-R-S-T-V-X-Y,H3G,B2
M-N-P-R-S-T-V-X-Y,H3H,B2
M-N-P-R-S-T-V-X-Y,H3J,B2
M-N-P-R-S-T-V-X-Y,H3K,B2
M-N-P-R-S-T-V-X-Y,H3L,B2
M-N-P-R-S-T-V-X-Y,H3M,B2
M-N-P-R-S-T-V-X-Y,H3N,B2
M-N-P-R-S-T-V-X-Y,H3P,B2
M-N-P-R-S-T-V-X-Y,H3R,B2
M-N-P-R-S-T-V-X-Y,H3S,B2
M-N-P-R-S-T-V-X-Y,H3T,B2
M-N-P-R-S-T-V-X-Y,H3V,B2
M-N-P-R-S-T-V-X-Y,H3W,B2
M-N-P-R-S-T-V-X-Y,H3X,B2
M-N-P-R-S-T-V-X-Y,H3Y,B2
M-N-P-R-S-T-V-X-Y,H3Z,B2
M-N-P-R-S-T-V-X-Y,H4A,B2
M-N-P-R-S-T-V-X-Y,H4B,B2
M-N-P-R-S-T-V-X-Y,H4C,B2
M-N-P-R-S-T-V-X-Y,H4E,B2
M-N-P-R-S-T-V-X-Y,H4G,B2
M-N-P-R-S-T-V-X-Y,H4H,B2
M-N-P-R-S-T-V-X-Y,H4J,B2
M-N-P-R-S-T-V-X-Y,H4K,B2
M-N-P-R-S-T-V-X-Y,H4L,B2
M-N-P-R-S-T-V-X-Y,H4M,B2
M-N-P-R-S-T-V-X-Y,H4N,B2
M-N-P-R-S-T-V-X-Y,H4P,B2
M-N-P-R-S-T-V-X-Y,H4R,B2
M-N-P-R-S-T-V-X-Y,H4S,B2
M-N-P-R-S-T-V-X-Y,H4T,B2
M-N-P-R-S-T-V-X-Y,H4V,B2
M-N-P-R-S-T-V-X-Y,H4W,B2
M-N-P-R-S-T-V-X-Y,H4X,B2
M-N-P-R-S-T-V-X-Y,H4Y,B2
M-N-P-R-S-T-V-X-Y,H4Z,B2
M-N-P-R-S-T-V-X-Y,H5A,B2
M-N-P-R-S-T-V-X-Y,H5B,B2
M-N-P-R-S-T-V-X-Y,H7A,B2
M-N-P-R-S-T-V-X-Y,H7B,B2
M-N-P-R-S-T-V-X-Y,H7C,B2
M-N-P-R-S-T-V-X-Y,H7E,B2
M-N-P-R-S-T-V-X-Y,H7G,B2
M-N-P-R-S-T-V-X-Y,H7H,B2
M-N-P-R-S-T-V-X-Y,H7J,B2
M-N-P-R-S-T-V-X-Y,H7K,B2
M-N-P-R-S-T-V-X-Y,H7L,B2
M-N-P-R-S-T-V-X-Y,H7M,B2
M-N-P-R-S-T-V-X-Y,H7N,B2
M-N-P-R-S-T-V-X-Y,H7P,B2
M-N-P-R-S-T-V-X-Y,H7R,B2
M-N-P-R-S-T-V-X-Y,H7S,B2
M-N-P-R-S-T-V-X-Y,H7T,B2
M-N-P-R-S-T-V-X-Y,H7V,B2
M-N-P-R-S-T-V-X-Y,H7W,B2
M-N-P-R-S-T-V-X-Y,H7X,B2
M-N-P-R-S-T-V-X-Y,H7Y,B2
M-N-P-R-S-T-V-X-Y,H8N,B2
M-N-P-R-S-T-V-X-Y,H8P,B2
M-N-P-R-S-T-V-X-Y,H8R,B2
M-N-P-R-S-T-V-X-Y,H8S,B2
M-N-P-R-S-T-V-X-Y,H8T,B2
M-N-P-R-S-T-V-X-Y,H8Y,B2
M-N-P-R-S-T-V-X-Y,H8Z,B2
M-N-P-R-S-T-V-X-Y,H9A,B2
M-N-P-R-S-T-V-X-Y,H9B,B2
M-N-P-R-S-T-V-X-Y,H9C,B2
M-N-P-R-S-T-V-X-Y,H9E,B2
M-N-P-R-S-T-V-X-Y,H9G,B2
M-N-P-R-S-T-V-X-Y,H9H,B2
M-N-P-R-S-T-V-X-Y,H9J,B2
M-N-P-R-S-T-V-X-Y,H9K,B2
M-N-P-R-S-T-V-X-Y,H9P,B2
M-N-P-R-S-T-V-X-Y,H9R,B2
M-N-P-R-S-T-V-X-Y,H9S,B2
M-N-P-R-S-T-V-X-Y,H9W,B2
M-N-P-R-S-T-V-X-Y,H9X,B2
M-N-P-R-S-T-V-X-Y,J0A,D2
M-N-P-R-S-T-V-X-Y,J0B,D2
M-N-P-R-S-T-V-X-Y,J0C,D2
M-N-P-R-S-T-V-X-Y,J0E,D2
M-N-P-R-S-T-V-X-Y,J0G,D2
M-N-P-R-S-T-V-X-Y,J0H,D2
M-N-P-R-S-T-V-X-Y,J0J,D2
M-N-P-R-S-T-V-X-Y,J0K,D2
M-N-P-R-S-T-V-X-Y,J0L,D2
M-N-P-R-S-T-V-X-Y,J0M,D2
M-N-P-R-S-T-V-X-Y,J0M,J2
M-N-P-R-S-T-V-X-Y,J0N,D2
M-N-P-R-S-T-V-X-Y,J0P,D2
M-N-P-R-S-T-V-X-Y,J0R,D2
M-N-P-R-S-T-V-X-Y,J0S,D2
M-N-P-R-S-T-V-X-Y,J0T,D2
M-N-P-R-S-T-V-X-Y,J0V,D2
M-N-P-R-S-T-V-X-Y,J0W,D2
M-N-P-R-S-T-V-X-Y,J0X,D2
M-N-P-R-S-T-V-X-Y,J0Y,D2
M-N-P-R-S-T-V-X-Y,J0Z,D2
M-N-P-R-S-T-V-X-Y,J1A,D2
M-N-P-R-S-T-V-X-Y,J1C,B4
M-N-P-R-S-T-V-X-Y,J1E,B4
M-N-P-R-S-T-V-X-Y,J1G,B4
M-N-P-R-S-T-V-X-Y,J1H,B4
M-N-P-R-S-T-V-X-Y,J1J,B4
M-N-P-R-S-T-V-X-Y,J1K,B4
M-N-P-R-S-T-V-X-Y,J1L,B4
M-N-P-R-S-T-V-X-Y,J1M,B4
M-N-P-R-S-T-V-X-Y,J1N,B4
M-N-P-R-S-T-V-X-Y,J1R,B4
M-N-P-R-S-T-V-X-Y,J1S,D2
M-N-P-R-S-T-V-X-Y,J1T,D2
M-N-P-R-S-T-V-X-Y,J1X,D2
M-N-P-R-S-T-V-X-Y,J1Z,D2
M-N-P-R-S-T-V-X-Y,J2A,D2
M-N-P-R-S-T-V-X-Y,J2B,D2
M-N-P-R-S-T-V-X-Y,J2C,D2
M-N-P-R-S-T-V-X-Y,J2E,D2
M-N-P-R-S-T-V-X-Y,J2G,D2
M-N-P-R-S-T-V-X-Y,J2H,D2
M-N-P-R-S-T-V-X-Y,J2J,D2
M-N-P-R-S-T-V-X-Y,J2K,D2
M-N-P-R-S-T-V-X-Y,J2L,D2
M-N-P-R-S-T-V-X-Y,J2M,D2
M-N-P-R-S-T-V-X-Y,J2N,D2
M-N-P-R-S-T-V-X-Y,J2R,D2
M-N-P-R-S-T-V-X-Y,J2S,D2
M-N-P-R-S-T-V-X-Y,J2T,D2
M-N-P-R-S-T-V-X-Y,J2W,D2
M-N-P-R-S-T-V-X-Y,J2X,D2
M-N-P-R-S-T-V-X-Y,J2Y,D2
M-N-P-R-S-T-V-X-Y,J3A,D2
M-N-P-R-S-T-V-X-Y,J3B,D2
M-N-P-R-S-T-V-X-Y,J3E,B2
M-N-P-R-S-T-V-X-Y,J3G,D2
M-N-P-R-S-T-V-X-Y,J3H,D2
M-N-P-R-S-T-V-X-Y,J3L,D2
M-N-P-R-S-T-V-X-Y,J3M,D2
M-N-P-R-S-T-V-X-Y,J3N,D2
M-N-P-R-S-T-V-X-Y,J3P,D2
M-N-P-R-S-T-V-X-Y,J3R,D2
M-N-P-R-S-T-V-X-Y,J3T,D2
M-N-P-R-S-T-V-X-Y,J3V,B2
M-N-P-R-S-T-V-X-Y,J3X,B2
M-N-P-R-S-T-V-X-Y,J3Y,B2
M-N-P-R-S-T-V-X-Y,J3Z,B2
M-N-P-R-S-T-V-X-Y,J4B,B2
M-N-P-R-S-T-V-X-Y,J4G,B2
M-N-P-R-S-T-V-X-Y,J4H,B2
M-N-P-R-S-T-V-X-Y,J4J,B2
M-N-P-R-S-T-V-X-Y,J4K,B2
M-N-P-R-S-T-V-X-Y,J4L,B2
M-N-P-R-S-T-V-X-Y,J4M,B2
M-N-P-R-S-T-V-X-Y,J4N,B2
M-N-P-R-S-T-V-X-Y,J4P,B2
M-N-P-R-S-T-V-X-Y,J4R,B2
M-N-P-R-S-T-V-X-Y,J4S,B2
M-N-P-R-S-T-V-X-Y,J4T,B2
M-N-P-R-S-T-V-X-Y,J4V,B2
M-N-P-R-S-T-V-X-Y,J4W,B2
M-N-P-R-S-T-V-X-Y,J4X,B2
M-N-P-R-S-T-V-X-Y,J4Y,B2
M-N-P-R-S-T-V-X-Y,J4Z,B2
M-N-P-R-S-T-V-X-Y,J5A,B2
M-N-P-R-S-T-V-X-Y,J5B,D2
M-N-P-R-S-T-V-X-Y,J5C,D2
M-N-P-R-S-T-V-X-Y,J5J,D2
M-N-P-R-S-T-V-X-Y,J5K,D2
M-N-P-R-S-T-V-X-Y,J5L,B2
M-N-P-R-S-T-V-X-Y,J5M,D2
M-N-P-R-S-T-V-X-Y,J5R,B2
M-N-P-R-S-T-V-X-Y,J5T,D2
M-N-P-R-S-T-V-X-Y,J5V,D2
M-N-P-R-S-T-V-X-Y,J5W,D2
M-N-P-R-S-T-V-X-Y,J5X,B2
M-N-P-R-S-T-V-X-Y,J5Y,B2
M-N-P-R-S-T-V-X-Y,J5Z,B2
M-N-P-R-S-T-V-X-Y,J6A,B2
M-N-P-R-S-T-V-X-Y,J6E,B2
M-N-P-R-S-T-V-X-Y,J6J,B2
M-N-P-R-S-T-V-X-Y,J6K,B2
M-N-P-R-S-T-V-X-Y,J6N,B2
M-N-P-R-S-T-V-X-Y,J6R,B2
M-N-P-R-S-T-V-X-Y,J6S,B2
M-N-P-R-S-T-V-X-Y,J6T,B2
M-N-P-R-S-T-V-X-Y,J6V,B2
M-N-P-R-S-T-V-X-Y,J6W,B2
M-N-P-R-S-T-V-X-Y,J6X,B2
M-N-P-R-S-T-V-X-Y,J6Y,B2
M-N-P-R-S-T-V-X-Y,J6Z,B2
M-N-P-R-S-T-V-X-Y,J7A,B2
M-N-P-R-S-T-V-X-Y,J7B,B2
M-N-P-R-S-T-V-X-Y,J7C,B2
M-N-P-R-S-T-V-X-Y,J7E,B2
M-N-P-R-S-T-V-X-Y,J7G,B2
M-N-P-R-S-T-V-X-Y,J7H,B2
M-N-P-R-S-T-V-X-Y,J7J,D2
M-N-P-R-S-T-V-X-Y,J7K,D2
M-N-P-R-S-T-V-X-Y,J7L,D2
M-N-P-R-S-T-V-X-Y,J7M,D2
M-N-P-R-S-T-V-X-Y,J7N,D2
M-N-P-R-S-T-V-X-Y,J7P,B2
M-N-P-R-S-T-V-X-Y,J7R,B2
M-N-P-R-S-T-V-X-Y,J7T,B2
M-N-P-R-S-T-V-X-Y,J7V,B2
M-N-P-R-S-T-V-X-Y,J7W,B2
M-N-P-R-S-T-V-X-Y,J7X,D2
M-N-P-R-S-T-V-X-Y,J7Y,D2
M-N-P-R-S-T-V-X-Y,J7Z,D2
M-N-P-R-S-T-V-X-Y,J8A,D2
M-N-P-R-S-T-V-X-Y,J8B,D2
M-N-P-R-S-T-V-X-Y,J8C,D2
M-N-P-R-S-T-V-X-Y,J8E,D2
M-N-P-R-S-T-V-X-Y,J8G,D2
M-N-P-R-S-T-V-X-Y,J8H,D2
M-N-P-R-S-T-V-X-Y,J8L,B2
M-N-P-R-S-T-V-X-Y,J8M,D2
M-N-P-R-S-T-V-X-Y,J8N,D2
M-N-P-R-S-T-V-X-Y,J8P,B2
M-N-P-R-S-T-V-X-Y,J8R,B2
M-N-P-R-S-T-V-X-Y,J8T,B2
M-N-P-R-S-T-V-X-Y,J8V,B2
M-N-P-R-S-T-V-X-Y,J8X,B2
M-N-P-R-S-T-V-X-Y,J8Y,B2
M-N-P-R-S-T-V-X-Y,J8Z,B2
M-N-P-R-S-T-V-X-Y,J9A,B2
M-N-P-R-S-T-V-X-Y,J9B,D2
M-N-P-R-S-T-V-X-Y,J9E,D2
M-N-P-R-S-T-V-X-Y,J9H,B2
M-N-P-R-S-T-V-X-Y,J9J,B2
M-N-P-R-S-T-V-X-Y,J9L,D2
M-N-P-R-S-T-V-X-Y,J9P,D2
M-N-P-R-S-T-V-X-Y,J9T,D2
M-N-P-R-S-T-V-X-Y,J9V,D2
M-N-P-R-S-T-V-X-Y,J9X,D2
M-N-P-R-S-T-V-X-Y,J9Y,D2
M-N-P-R-S-T-V-X-Y,J9Z,D2
M-N-P-R-S-T-V-X-Y,K0A,D2
M-N-P-R-S-T-V-X-Y,K0B,D2
M-N-P-R-S-T-V-X-Y,K0C,D2
M-N-P-R-S-T-V-X-Y,K0E,D2
M-N-P-R-S-T-V-X-Y,K0G,D2
M-N-P-R-S-T-V-X-Y,K0H,D2
M-N-P-R-S-T-V-X-Y,K0J,D2
M-N-P-R-S-T-V-X-Y,K0K,D2
M-N-P-R-S-T-V-X-Y,K0L,D2
M-N-P-R-S-T-V-X-Y,K0M,D2
M-N-P-R-S-T-V-X-Y,K1A,B2
M-N-P-R-S-T-V-X-Y,K1B,B2
M-N-P-R-S-T-V-X-Y,K1C,B2
M-N-P-R-S-T-V-X-Y,K1E,B2
M-N-P-R-S-T-V-X-Y,K1G,B2
M-N-P-R-S-T-V-X-Y,K1H,B2
M-N-P-R-S-T-V-X-Y,K1J,B2
M-N-P-R-S-T-V-X-Y,K1K,B2
M-N-P-R-S-T-V-X-Y,K1L,B2
M-N-P-R-S-T-V-X-Y,K1M,B2
M-N-P-R-S-T-V-X-Y,K1N,B2
M-N-P-R-S-T-V-X-Y,K1P,B2
M-N-P-R-S-T-V-X-Y,K1R,B2
M-N-P-R-S-T-V-X-Y,K1S,B2
M-N-P-R-S-T-V-X-Y,K1T,B2
M-N-P-R-S-T-V-X-Y,K1V,B2
M-N-P-R-S-T-V-X-Y,K1W,B2
M-N-P-R-S-T-V-X-Y,K1X,B2
M-N-P-R-S-T-V-X-Y,K1Y,B2
M-N-P-R-S-T-V-X-Y,K1Z,B2
M-N-P-R-S-T-V-X-Y,K2A,B2
M-N-P-R-S-T-V-X-Y,K2B,B2
M-N-P-R-S-T-V-X-Y,K2C,B2
M-N-P-R-S-T-V-X-Y,K2E,B2
M-N-P-R-S-T-V-X-Y,K2G,B2
M-N-P-R-S-T-V-X-Y,K2H,B2
M-N-P-R-S-T-V-X-Y,K2J,B2
M-N-P-R-S-T-V-X-Y,K2K,B2
M-N-P-R-S-T-V-X-Y,K2L,B2
M-N-P-R-S-T-V-X-Y,K2M,B2
M-N-P-R-S-T-V-X-Y,K2P,B2
M-N-P-R-S-T-V-X-Y,K2R,B2
M-N-P-R-S-T-V-X-Y,K2S,D2
M-N-P-R-S-T-V-X-Y,K2T,B2
M-N-P-R-S-T-V-X-Y,K2V,B2
M-N-P-R-S-T-V-X-Y,K2W,B2
M-N-P-R-S-T-V-X-Y,K4A,B2
M-N-P-R-S-T-V-X-Y,K4B,B2
M-N-P-R-S-T-V-X-Y,K4C,B2
M-N-P-R-S-T-V-X-Y,K4K,B2
M-N-P-R-S-T-V-X-Y,K4M,B2
M-N-P-R-S-T-V-X-Y,K4P,B2
M-N-P-R-S-T-V-X-Y,K4R,D2
M-N-P-R-S-T-V-X-Y,K6A,D2
M-N-P-R-S-T-V-X-Y,K6H,D2
M-N-P-R-S-T-V-X-Y,K6J,D2
M-N-P-R-S-T-V-X-Y,K6K,D2
M-N-P-R-S-T-V-X-Y,K6T,D2
M-N-P-R-S-T-V-X-Y,K6V,D2
M-N-P-R-S-T-V-X-Y,K7A,D2
M-N-P-R-S-T-V-X-Y,K7C,D2
M-N-P-R-S-T-V-X-Y,K7G,D2
M-N-P-R-S-T-V-X-Y,K7H,D2
M-N-P-R-S-T-V-X-Y,K7K,B4
M-N-P-R-S-T-V-X-Y,K7L,B4
M-N-P-R-S-T-V-X-Y,K7M,B4
M-N-P-R-S-T-V-X-Y,K7N,B4
M-N-P-R-S-T-V-X-Y,K7P,B4
M-N-P-R-S-T-V-X-Y,K7R,D2
M-N-P-R-S-T-V-X-Y,K7S,D2
M-N-P-R-S-T-V-X-Y,K7V,D2
M-N-P-R-S-T-V-X-Y,K8A,D2
M-N-P-R-S-T-V-X-Y,K8B,D2
M-N-P-R-S-T-V-X-Y,K8H,D2
M-N-P-R-S-T-V-X-Y,K8N,B4
M-N-P-R-S-T-V-X-Y,K8P,B4
M-N-P-R-S-T-V-X-Y,K8R,B4
M-N-P-R-S-T-V-X-Y,K8V,D2
M-N-P-R-S-T-V-X-Y,K9A,D2
M-N-P-R-S-T-V-X-Y,K9H,B4
M-N-P-R-S-T-V-X-Y,K9J,B4
M-N-P-R-S-T-V-X-Y,K9K,B4
M-N-P-R-S-T-V-X-Y,K9L,B4
M-N-P-R-S-T-V-X-Y,K9V,D2
M-N-P-R-S-T-V-X-Y,L0A,A2
M-N-P-R-S-T-V-X-Y,L0B,A2
M-N-P-R-S-T-V-X-Y,L0C,A2
M-N-P-R-S-T-V-X-Y,L0E,A2
M-N-P-R-S-T-V-X-Y,L0G,A2
M-N-P-R-S-T-V-X-Y,L0H,A1
M-N-P-R-S-T-V-X-Y,L0J,A1
M-N-P-R-S-T-V-X-Y,L0K,A2
M-N-P-R-S-T-V-X-Y,L0L,A2
M-N-P-R-S-T-V-X-Y,L0M,A2
M-N-P-R-S-T-V-X-Y,L0N,A2
M-N-P-R-S-T-V-X-Y,L0P,A2
M-N-P-R-S-T-V-X-Y,L0R,A2
M-N-P-R-S-T-V-X-Y,L0S,A2
M-N-P-R-S-T-V-X-Y,L1A,A2
M-N-P-R-S-T-V-X-Y,L1B,A2
M-N-P-R-S-T-V-X-Y,L1C,A2
M-N-P-R-S-T-V-X-Y,L1E,A2
M-N-P-R-S-T-V-X-Y,L1G,A1
M-N-P-R-S-T-V-X-Y,L1H,A1
M-N-P-R-S-T-V-X-Y,L1J,A1
M-N-P-R-S-T-V-X-Y,L1K,A1
M-N-P-R-S-T-V-X-Y,L1L,A1
M-N-P-R-S-T-V-X-Y,L1M,A1
M-N-P-R-S-T-V-X-Y,L1N,A1
M-N-P-R-S-T-V-X-Y,L1P,A1
M-N-P-R-S-T-V-X-Y,L1R,A1
M-N-P-R-S-T-V-X-Y,L1S,A1
M-N-P-R-S-T-V-X-Y,L1T,A1
M-N-P-R-S-T-V-X-Y,L1V,A1
M-N-P-R-S-T-V-X-Y,L1W,A1
M-N-P-R-S-T-V-X-Y,L1X,A1
M-N-P-R-S-T-V-X-Y,L1Y,A1
M-N-P-R-S-T-V-X-Y,L1Z,A1
M-N-P-R-S-T-V-X-Y,L2A,A2
M-N-P-R-S-T-V-X-Y,L2E,A2
M-N-P-R-S-T-V-X-Y,L2G,A2
M-N-P-R-S-T-V-X-Y,L2H,A2
M-N-P-R-S-T-V-X-Y,L2J,A2
M-N-P-R-S-T-V-X-Y,L2M,A2
M-N-P-R-S-T-V-X-Y,L2N,A2
M-N-P-R-S-T-V-X-Y,L2P,A2
M-N-P-R-S-T-V-X-Y,L2R,A2
M-N-P-R-S-T-V-X-Y,L2S,A2
M-N-P-R-S-T-V-X-Y,L2T,A2
M-N-P-R-S-T-V-X-Y,L2V,A2
M-N-P-R-S-T-V-X-Y,L2W,A2
M-N-P-R-S-T-V-X-Y,L3B,A2
M-N-P-R-S-T-V-X-Y,L3C,A2
M-N-P-R-S-T-V-X-Y,L3K,A2
M-N-P-R-S-T-V-X-Y,L3M,A2
M-N-P-R-S-T-V-X-Y,L3P,A1
M-N-P-R-S-T-V-X-Y,L3R,A1
M-N-P-R-S-T-V-X-Y,L3S,A1
M-N-P-R-S-T-V-X-Y,L3T,A1
M-N-P-R-S-T-V-X-Y,L3V,A2
M-N-P-R-S-T-V-X-Y,L3X,A1
M-N-P-R-S-T-V-X-Y,L3Y,A1
M-N-P-R-S-T-V-X-Y,L3Z,A2
M-N-P-R-S-T-V-X-Y,L4A,A1
M-N-P-R-S-T-V-X-Y,L4B,A1
M-N-P-R-S-T-V-X-Y,L4C,A1
M-N-P-R-S-T-V-X-Y,L4E,A1
M-N-P-R-S-T-V-X-Y,L4G,A1
M-N-P-R-S-T-V-X-Y,L4H,A1
M-N-P-R-S-T-V-X-Y,L4J,A1
M-N-P-R-S-T-V-X-Y,L4K,A1
M-N-P-R-S-T-V-X-Y,L4L,A1
M-N-P-R-S-T-V-X-Y,L4M,A2
M-N-P-R-S-T-V-X-Y,L4N,A2
M-N-P-R-S-T-V-X-Y,L4P,A2
M-N-P-R-S-T-V-X-Y,L4R,A2
M-N-P-R-S-T-V-X-Y,L4S,A1
M-N-P-R-S-T-V-X-Y,L4T,A1
M-N-P-R-S-T-V-X-Y,L4V,A1
M-N-P-R-S-T-V-X-Y,L4W,A1
M-N-P-R-S-T-V-X-Y,L4X,A1
M-N-P-R-S-T-V-X-Y,L4Y,A1
M-N-P-R-S-T-V-X-Y,L4Z,A1
M-N-P-R-S-T-V-X-Y,L5A,A1
M-N-P-R-S-T-V-X-Y,L5B,A1
M-N-P-R-S-T-V-X-Y,L5C,A1
M-N-P-R-S-T-V-X-Y,L5E,A1
M-N-P-R-S-T-V-X-Y,L5G,A1
M-N-P-R-S-T-V-X-Y,L5H,A1
M-N-P-R-S-T-V-X-Y,L5J,A1
M-N-P-R-S-T-V-X-Y,L5K,A1
M-N-P-R-S-T-V-X-Y,L5L,A1
M-N-P-R-S-T-V-X-Y,L5M,A1
M-N-P-R-S-T-V-X-Y,L5N,A1
M-N-P-R-S-T-V-X-Y,L5P,A1
M-N-P-R-S-T-V-X-Y,L5R,A1
M-N-P-R-S-T-V-X-Y,L5S,A1
M-N-P-R-S-T-V-X-Y,L5T,A1
M-N-P-R-S-T-V-X-Y,L5V,A1
M-N-P-R-S-T-V-X-Y,L5W,A1
M-N-P-R-S-T-V-X-Y,L6A,A1
M-N-P-R-S-T-V-X-Y,L6B,A1
M-N-P-R-S-T-V-X-Y,L6C,A1
M-N-P-R-S-T-V-X-Y,L6E,A1
M-N-P-R-S-T-V-X-Y,L6G,A1
M-N-P-R-S-T-V-X-Y,L6H,A1
M-N-P-R-S-T-V-X-Y,L6J,A1
M-N-P-R-S-T-V-X-Y,L6K,A1
M-N-P-R-S-T-V-X-Y,L6L,A1
M-N-P-R-S-T-V-X-Y,L6M,A1
M-N-P-R-S-T-V-X-Y,L6P,A1
M-N-P-R-S-T-V-X-Y,L6R,A1
M-N-P-R-S-T-V-X-Y,L6S,A1
M-N-P-R-S-T-V-X-Y,L6T,A1
M-N-P-R-S-T-V-X-Y,L6V,A1
M-N-P-R-S-T-V-X-Y,L6W,A1
M-N-P-R-S-T-V-X-Y,L6X,A1
M-N-P-R-S-T-V-X-Y,L6Y,A1
M-N-P-R-S-T-V-X-Y,L6Z,A1
M-N-P-R-S-T-V-X-Y,L7A,A1
M-N-P-R-S-T-V-X-Y,L7B,A2
M-N-P-R-S-T-V-X-Y,L7C,A2
M-N-P-R-S-T-V-X-Y,L7E,A2
M-N-P-R-S-T-V-X-Y,L7G,A2
M-N-P-R-S-T-V-X-Y,L7J,A2
M-N-P-R-S-T-V-X-Y,L7K,A2
M-N-P-R-S-T-V-X-Y,L7L,A2
M-N-P-R-S-T-V-X-Y,L7M,A2
M-N-P-R-S-T-V-X-Y,L7N,A2
M-N-P-R-S-T-V-X-Y,L7P,A2
M-N-P-R-S-T-V-X-Y,L7R,A2
M-N-P-R-S-T-V-X-Y,L7S,A2
M-N-P-R-S-T-V-X-Y,L7T,A2
M-N-P-R-S-T-V-X-Y,L8B,A2
M-N-P-R-S-T-V-X-Y,L8E,A2
M-N-P-R-S-T-V-X-Y,L8G,A2
M-N-P-R-S-T-V-X-Y,L8H,A2
M-N-P-R-S-T-V-X-Y,L8J,A2
M-N-P-R-S-T-V-X-Y,L8K,A2
M-N-P-R-S-T-V-X-Y,L8L,A2
M-N-P-R-S-T-V-X-Y,L8M,A2
M-N-P-R-S-T-V-X-Y,L8N,A2
M-N-P-R-S-T-V-X-Y,L8P,A2
M-N-P-R-S-T-V-X-Y,L8R,A2
M-N-P-R-S-T-V-X-Y,L8S,A2
M-N-P-R-S-T-V-X-Y,L8T,A2
M-N-P-R-S-T-V-X-Y,L8V,A2
M-N-P-R-S-T-V-X-Y,L8W,A2
M-N-P-R-S-T-V-X-Y,L9A,A2
M-N-P-R-S-T-V-X-Y,L9B,A2
M-N-P-R-S-T-V-X-Y,L9C,A2
M-N-P-R-S-T-V-X-Y,L9E,A1
M-N-P-R-S-T-V-X-Y,L9G,A2
M-N-P-R-S-T-V-X-Y,L9H,A2
M-N-P-R-S-T-V-X-Y,L9J,A2
M-N-P-R-S-T-V-X-Y,L9K,A2
M-N-P-R-S-T-V-X-Y,L9L,A2
M-N-P-R-S-T-V-X-Y,L9M,A2
M-N-P-R-S-T-V-X-Y,L9N,A2
M-N-P-R-S-T-V-X-Y,L9P,A2
M-N-P-R-S-T-V-X-Y,L9R,A2
M-N-P-R-S-T-V-X-Y,L9S,A2
M-N-P-R-S-T-V-X-Y,L9T,A1
M-N-P-R-S-T-V-X-Y,L9V,A2
M-N-P-R-S-T-V-X-Y,L9W,A2
M-N-P-R-S-T-V-X-Y,L9X,A2
M-N-P-R-S-T-V-X-Y,L9Y,A2
M-N-P-R-S-T-V-X-Y,L9Z,A2
M-N-P-R-S-T-V-X-Y,M0R,A1
M-N-P-R-S-T-V-X-Y,M1B,A1
M-N-P-R-S-T-V-X-Y,M1C,A1
M-N-P-R-S-T-V-X-Y,M1E,A1
M-N-P-R-S-T-V-X-Y,M1G,A1
M-N-P-R-S-T-V-X-Y,M1H,A1
M-N-P-R-S-T-V-X-Y,M1J,A1
M-N-P-R-S-T-V-X-Y,M1K,A1
M-N-P-R-S-T-V-X-Y,M1L,A1
M-N-P-R-S-T-V-X-Y,M1M,A1
M-N-P-R-S-T-V-X-Y,M1N,A1
M-N-P-R-S-T-V-X-Y,M1P,A1
M-N-P-R-S-T-V-X-Y,M1R,A1
M-N-P-R-S-T-V-X-Y,M1S,A1
M-N-P-R-S-T-V-X-Y,M1T,A1
M-N-P-R-S-T-V-X-Y,M1V,A1
M-N-P-R-S-T-V-X-Y,M1W,A1
M-N-P-R-S-T-V-X-Y,M1X,A1
M-N-P-R-S-T-V-X-Y,M2H,A1
M-N-P-R-S-T-V-X-Y,M2J,A1
M-N-P-R-S-T-V-X-Y,M2K,A1
M-N-P-R-S-T-V-X-Y,M2L,A1
M-N-P-R-S-T-V-X-Y,M2M,A1
M-N-P-R-S-T-V-X-Y,M2N,A1
M-N-P-R-S-T-V-X-Y,M2P,A1
M-N-P-R-S-T-V-X-Y,M2R,A1
M-N-P-R-S-T-V-X-Y,M3A,A1
M-N-P-R-S-T-V-X-Y,M3B,A1
M-N-P-R-S-T-V-X-Y,M3C,A1
M-N-P-R-S-T-V-X-Y,M3H,A1
M-N-P-R-S-T-V-X-Y,M3J,A1
M-N-P-R-S-T-V-X-Y,M3K,A1
M-N-P-R-S-T-V-X-Y,M3L,A1
M-N-P-R-S-T-V-X-Y,M3M,A1
M-N-P-R-S-T-V-X-Y,M3N,A1
M-N-P-R-S-T-V-X-Y,M4A,A1
M-N-P-R-S-T-V-X-Y,M4B,A1
M-N-P-R-S-T-V-X-Y,M4C,A1
M-N-P-R-S-T-V-X-Y,M4E,A1
M-N-P-R-S-T-V-X-Y,M4G,A1
M-N-P-R-S-T-V-X-Y,M4H,A1
M-N-P-R-S-T-V-X-Y,M4J,A1
M-N-P-R-S-T-V-X-Y,M4K,A1
M-N-P-R-S-T-V-X-Y,M4L,A1
M-N-P-R-S-T-V-X-Y,M4M,A1
M-N-P-R-S-T-V-X-Y,M4N,A1
M-N-P-R-S-T-V-X-Y,M4P,A1
M-N-P-R-S-T-V-X-Y,M4R,A1
M-N-P-R-S-T-V-X-Y,M4S,A1
M-N-P-R-S-T-V-X-Y,M4T,A1
M-N-P-R-S-T-V-X-Y,M4V,A1
M-N-P-R-S-T-V-X-Y,M4W,A1
M-N-P-R-S-T-V-X-Y,M4X,A1
M-N-P-R-S-T-V-X-Y,M4Y,A1
M-N-P-R-S-T-V-X-Y,M5A,A1
M-N-P-R-S-T-V-X-Y,M5B,A1
M-N-P-R-S-T-V-X-Y,M5C,A1
M-N-P-R-S-T-V-X-Y,M5E,A1
M-N-P-R-S-T-V-X-Y,M5G,A1
M-N-P-R-S-T-V-X-Y,M5H,A1
M-N-P-R-S-T-V-X-Y,M5J,A1
M-N-P-R-S-T-V-X-Y,M5K,A1
M-N-P-R-S-T-V-X-Y,M5L,A1
M-N-P-R-S-T-V-X-Y,M5M,A1
M-N-P-R-S-T-V-X-Y,M5N,A1
M-N-P-R-S-T-V-X-Y,M5P,A1
M-N-P-R-S-T-V-X-Y,M5R,A1
M-N-P-R-S-T-V-X-Y,M5S,A1
M-N-P-R-S-T-V-X-Y,M5T,A1
M-N-P-R-S-T-V-X-Y,M5V,A1
M-N-P-R-S-T-V-X-Y,M5W,A1
M-N-P-R-S-T-V-X-Y,M5X,A1
M-N-P-R-S-T-V-X-Y,M6A,A1
M-N-P-R-S-T-V-X-Y,M6B,A1
M-N-P-R-S-T-V-X-Y,M6C,A1
M-N-P-R-S-T-V-X-Y,M6E,A1
M-N-P-R-S-T-V-X-Y,M6G,A1
M-N-P-R-S-T-V-X-Y,M6H,A1
M-N-P-R-S-T-V-X-Y,M6J,A1
M-N-P-R-S-T-V-X-Y,M6K,A1
M-N-P-R-S-T-V-X-Y,M6L,A1
M-N-P-R-S-T-V-X-Y,M6M,A1
M-N-P-R-S-T-V-X-Y,M6N,A1
M-N-P-R-S-T-V-X-Y,M6P,A1
M-N-P-R-S-T-V-X-Y,M6R,A1
M-N-P-R-S-T-V-X-Y,M6S,A1
M-N-P-R-S-T-V-X-Y,M7A,A1
M-N-P-R-S-T-V-X-Y,M7R,A1
M-N-P-R-S-T-V-X-Y,M7Y,A1
M-N-P-R-S-T-V-X-Y,M8V,A1
M-N-P-R-S-T-V-X-Y,M8W,A1
M-N-P-R-S-T-V-X-Y,M8X,A1
M-N-P-R-S-T-V-X-Y,M8Y,A1
M-N-P-R-S-T-V-X-Y,M8Z,A1
M-N-P-R-S-T-V-X-Y,M9A,A1
M-N-P-R-S-T-V-X-Y,M9B,A1
M-N-P-R-S-T-V-X-Y,M9C,A1
M-N-P-R-S-T-V-X-Y,M9L,A1
M-N-P-R-S-T-V-X-Y,M9M,A1
M-N-P-R-S-T-V-X-Y,M9N,A1
M-N-P-R-S-T-V-X-Y,M9P,A1
M-N-P-R-S-T-V-X-Y,M9R,A1
M-N-P-R-S-T-V-X-Y,M9V,A1
M-N-P-R-S-T-V-X-Y,M9W,A1
M-N-P-R-S-T-V-X-Y,N0A,D2
M-N-P-R-S-T-V-X-Y,N0B,D2
M-N-P-R-S-T-V-X-Y,N0C,D2
M-N-P-R-S-T-V-X-Y,N0E,D2
M-N-P-R-S-T-V-X-Y,N0G,D2
M-N-P-R-S-T-V-X-Y,N0H,D2
M-N-P-R-S-T-V-X-Y,N0J,D2
M-N-P-R-S-T-V-X-Y,N0K,D2
M-N-P-R-S-T-V-X-Y,N0L,D2
M-N-P-R-S-T-V-X-Y,N0M,D2
M-N-P-R-S-T-V-X-Y,N0N,D2
M-N-P-R-S-T-V-X-Y,N0P,D2
M-N-P-R-S-T-V-X-Y,N0R,D2
M-N-P-R-S-T-V-X-Y,N1A,D2
M-N-P-R-S-T-V-X-Y,N1C,B4
M-N-P-R-S-T-V-X-Y,N1E,B4
M-N-P-R-S-T-V-X-Y,N1G,B4
M-N-P-R-S-T-V-X-Y,N1H,B4
M-N-P-R-S-T-V-X-Y,N1K,B4
M-N-P-R-S-T-V-X-Y,N1L,B4
M-N-P-R-S-T-V-X-Y,N1M,D2
M-N-P-R-S-T-V-X-Y,N1P,B4
M-N-P-R-S-T-V-X-Y,N1R,B4
M-N-P-R-S-T-V-X-Y,N1S,B4
M-N-P-R-S-T-V-X-Y,N1T,B4
M-N-P-R-S-T-V-X-Y,N2A,B4
M-N-P-R-S-T-V-X-Y,N2B,B4
M-N-P-R-S-T-V-X-Y,N2C,B4
M-N-P-R-S-T-V-X-Y,N2E,B4
M-N-P-R-S-T-V-X-Y,N2G,B4
M-N-P-R-S-T-V-X-Y,N2H,B4
M-N-P-R-S-T-V-X-Y,N2J,B4
M-N-P-R-S-T-V-X-Y,N2K,B4
M-N-P-R-S-T-V-X-Y,N2L,B4
M-N-P-R-S-T-V-X-Y,N2M,B4
M-N-P-R-S-T-V-X-Y,N2N,B4
M-N-P-R-S-T-V-X-Y,N2P,B4
M-N-P-R-S-T-V-X-Y,N2R,B4
M-N-P-R-S-T-V-X-Y,N2T,B4
M-N-P-R-S-T-V-X-Y,N2V,B4
M-N-P-R-S-T-V-X-Y,N2Z,D2
M-N-P-R-S-T-V-X-Y,N3A,D2
M-N-P-R-S-T-V-X-Y,N3B,D2
M-N-P-R-S-T-V-X-Y,N3C,B4
M-N-P-R-S-T-V-X-Y,N3E,B4
M-N-P-R-S-T-V-X-Y,N3H,B4
M-N-P-R-S-T-V-X-Y,N3L,B4
M-N-P-R-S-T-V-X-Y,N3P,B4
M-N-P-R-S-T-V-X-Y,N3R,B4
M-N-P-R-S-T-V-X-Y,N3S,B4
M-N-P-R-S-T-V-X-Y,N3T,B4
M-N-P-R-S-T-V-X-Y,N3V,B4
M-N-P-R-S-T-V-X-Y,N3W,D2
M-N-P-R-S-T-V-X-Y,N3Y,D2
M-N-P-R-S-T-V-X-Y,N4B,D2
M-N-P-R-S-T-V-X-Y,N4G,D2
M-N-P-R-S-T-V-X-Y,N4K,D2
M-N-P-R-S-T-V-X-Y,N4L,D2
M-N-P-R-S-T-V-X-Y,N4N,D2
M-N-P-R-S-T-V-X-Y,N4S,D2
M-N-P-R-S-T-V-X-Y,N4T,D2
M-N-P-R-S-T-V-X-Y,N4V,D2
M-N-P-R-S-T-V-X-Y,N4W,D2
M-N-P-R-S-T-V-X-Y,N4X,D2
M-N-P-R-S-T-V-X-Y,N4Z,D2
M-N-P-R-S-T-V-X-Y,N5A,D2
M-N-P-R-S-T-V-X-Y,N5C,D2
M-N-P-R-S-T-V-X-Y,N5H,D2
M-N-P-R-S-T-V-X-Y,N5L,D2
M-N-P-R-S-T-V-X-Y,N5P,D2
M-N-P-R-S-T-V-X-Y,N5R,D2
M-N-P-R-S-T-V-X-Y,N5V,B4
M-N-P-R-S-T-V-X-Y,N5W,B4
M-N-P-R-S-T-V-X-Y,N5X,B4
M-N-P-R-S-T-V-X-Y,N5Y,B4
M-N-P-R-S-T-V-X-Y,N5Z,B4
M-N-P-R-S-T-V-X-Y,N6A,B4
M-N-P-R-S-T-V-X-Y,N6B,B4
M-N-P-R-S-T-V-X-Y,N6C,B4
M-N-P-R-S-T-V-X-Y,N6E,B4
M-N-P-R-S-T-V-X-Y,N6G,B4
M-N-P-R-S-T-V-X-Y,N6H,B4
M-N-P-R-S-T-V-X-Y,N6J,B4
M-N-P-R-S-T-V-X-Y,N6K,B4
M-N-P-R-S-T-V-X-Y,N6L,B4
M-N-P-R-S-T-V-X-Y,N6M,B4
M-N-P-R-S-T-V-X-Y,N6N,B4
M-N-P-R-S-T-V-X-Y,N6P,B4
M-N-P-R-S-T-V-X-Y,N7A,D2
M-N-P-R-S-T-V-X-Y,N7G,D2
M-N-P-R-S-T-V-X-Y,N7L,D2
M-N-P-R-S-T-V-X-Y,N7M,D2
M-N-P-R-S-T-V-X-Y,N7S,D2
M-N-P-R-S-T-V-X-Y,N7T,D2
M-N-P-R-S-T-V-X-Y,N7V,D2
M-N-P-R-S-T-V-X-Y,N7W,D2
M-N-P-R-S-T-V-X-Y,N7X,D2
M-N-P-R-S-T-V-X-Y,N8A,D2
M-N-P-R-S-T-V-X-Y,N8H,D2
M-N-P-R-S-T-V-X-Y,N8M,D2
M-N-P-R-S-T-V-X-Y,N8N,B4
M-N-P-R-S-T-V-X-Y,N8P,B4
M-N-P-R-S-T-V-X-Y,N8R,B4
M-N-P-R-S-T-V-X-Y,N8S,B4
M-N-P-R-S-T-V-X-Y,N8T,B4
M-N-P-R-S-T-V-X-Y,N8V,B4
M-N-P-R-S-T-V-X-Y,N8W,B4
M-N-P-R-S-T-V-X-Y,N8X,B4
M-N-P-R-S-T-V-X-Y,N8Y,B4
M-N-P-R-S-T-V-X-Y,N9A,B4
M-N-P-R-S-T-V-X-Y,N9B,B4
M-N-P-R-S-T-V-X-Y,N9C,B4
M-N-P-R-S-T-V-X-Y,N9E,B4
M-N-P-R-S-T-V-X-Y,N9G,B4
M-N-P-R-S-T-V-X-Y,N9H,B4
M-N-P-R-S-T-V-X-Y,N9J,B4
M-N-P-R-S-T-V-X-Y,N9K,B4
M-N-P-R-S-T-V-X-Y,N9V,D2
M-N-P-R-S-T-V-X-Y,N9Y,D2
M-N-P-R-S-T-V-X-Y,P0A,D2
M-N-P-R-S-T-V-X-Y,P0B,D2
M-N-P-R-S-T-V-X-Y,P0C,D2
M-N-P-R-S-T-V-X-Y,P0E,D2
M-N-P-R-S-T-V-X-Y,P0G,D2
M-N-P-R-S-T-V-X-Y,P0H,D2
M-N-P-R-S-T-V-X-Y,P0J,D2
M-N-P-R-S-T-V-X-Y,P0K,D2
M-N-P-R-S-T-V-X-Y,P0L,D2
M-N-P-R-S-T-V-X-Y,P0L,J1
M-N-P-R-S-T-V-X-Y,P0M,D2
M-N-P-R-S-T-V-X-Y,P0N,D2
M-N-P-R-S-T-V-X-Y,P0P,D2
M-N-P-R-S-T-V-X-Y,P0R,D2
M-N-P-R-S-T-V-X-Y,P0S,D2
M-N-P-R-S-T-V-X-Y,P0T,F4
M-N-P-R-S-T-V-X-Y,P0T,J1
M-N-P-R-S-T-V-X-Y,P0V,F4
M-N-P-R-S-T-V-X-Y,P0V,J1
M-N-P-R-S-T-V-X-Y,P0W,F4
M-N-P-R-S-T-V-X-Y,P0X,F4
M-N-P-R-S-T-V-X-Y,P0Y,F4
M-N-P-R-S-T-V-X-Y,P1A,B4
M-N-P-R-S-T-V-X-Y,P1B,B4
M-N-P-R-S-T-V-X-Y,P1C,B4
M-N-P-R-S-T-V-X-Y,P1H,D2
M-N-P-R-S-T-V-X-Y,P1L,D2
M-N-P-R-S-T-V-X-Y,P1P,D2
M-N-P-R-S-T-V-X-Y,P2A,D2
M-N-P-R-S-T-V-X-Y,P2B,D2
M-N-P-R-S-T-V-X-Y,P2N,D2
M-N-P-R-S-T-V-X-Y,P3A,B4
M-N-P-R-S-T-V-X-Y,P3B,B4
M-N-P-R-S-T-V-X-Y,P3C,B4
M-N-P-R-S-T-V-X-Y,P3E,B4
M-N-P-R-S-T-V-X-Y,P3G,B4
M-N-P-R-S-T-V-X-Y,P3L,D2
M-N-P-R-S-T-V-X-Y,P3N,D2
M-N-P-R-S-T-V-X-Y,P3P,D2
M-N-P-R-S-T-V-X-Y,P3Y,D2
M-N-P-R-S-T-V-X-Y,P4N,B4
M-N-P-R-S-T-V-X-Y,P4P,B4
M-N-P-R-S-T-V-X-Y,P4R,B4
M-N-P-R-S-T-V-X-Y,P5A,D2
M-N-P-R-S-T-V-X-Y,P5E,D2
M-N-P-R-S-T-V-X-Y,P5N,D2
M-N-P-R-S-T-V-X-Y,P6A,B4
M-N-P-R-S-T-V-X-Y,P6B,B4
M-N-P-R-S-T-V-X-Y,P6C,B4
M-N-P-R-S-T-V-X-Y,P7A,E5
M-N-P-R-S-T-V-X-Y,P7B,E5
M-N-P-R-S-T-V-X-Y,P7C,E5
M-N-P-R-S-T-V-X-Y,P7E,E5
M-N-P-R-S-T-V-X-Y,P7G,E5
M-N-P-R-S-T-V-X-Y,P7J,E5
M-N-P-R-S-T-V-X-Y,P7K,E5
M-N-P-R-S-T-V-X-Y,P7L,E5
M-N-P-R-S-T-V-X-Y,P8N,F2
M-N-P-R-S-T-V-X-Y,P8T,F4
M-N-P-R-S-T-V-X-Y,P9A,F2
M-N-P-R-S-T-V-X-Y,P9N,F2
M-N-P-R-S-T-V-X-Y,R0A,F4
M-N-P-R-S-T-V-X-Y,R0B,F6
M-N-P-R-S-T-V-X-Y,R0B,J2
M-N-P-R-S-T-V-X-Y,R0C,J2
M-N-P-R-S-T-V-X-Y,R0C,F4
M-N-P-R-S-T-V-X-Y,R0E,F4
M-N-P-R-S-T-V-X-Y,R0G,F4
M-N-P-R-S-T-V-X-Y,R0H,F4
M-N-P-R-S-T-V-X-Y,R0J,F4
M-N-P-R-S-T-V-X-Y,R0K,F4
M-N-P-R-S-T-V-X-Y,R0L,F4
M-N-P-R-S-T-V-X-Y,R0M,F4
M-N-P-R-S-T-V-X-Y,R1A,F2
M-N-P-R-S-T-V-X-Y,R1B,F2
M-N-P-R-S-T-V-X-Y,R1C,E3
M-N-P-R-S-T-V-X-Y,R1N,F2
M-N-P-R-S-T-V-X-Y,R2C,E3
M-N-P-R-S-T-V-X-Y,R2E,E3
M-N-P-R-S-T-V-X-Y,R2G,E3
M-N-P-R-S-T-V-X-Y,R2H,E3
M-N-P-R-S-T-V-X-Y,R2J,E3
M-N-P-R-S-T-V-X-Y,R2K,E3
M-N-P-R-S-T-V-X-Y,R2L,E3
M-N-P-R-S-T-V-X-Y,R2M,E3
M-N-P-R-S-T-V-X-Y,R2N,E3
M-N-P-R-S-T-V-X-Y,R2P,E3
M-N-P-R-S-T-V-X-Y,R2R,E3
M-N-P-R-S-T-V-X-Y,R2V,E3
M-N-P-R-S-T-V-X-Y,R2W,E3
M-N-P-R-S-T-V-X-Y,R2X,E3
M-N-P-R-S-T-V-X-Y,R2Y,E3
M-N-P-R-S-T-V-X-Y,R3A,E3
M-N-P-R-S-T-V-X-Y,R3B,E3
M-N-P-R-S-T-V-X-Y,R3C,E3
M-N-P-R-S-T-V-X-Y,R3E,E3
M-N-P-R-S-T-V-X-Y,R3G,E3
M-N-P-R-S-T-V-X-Y,R3H,E3
M-N-P-R-S-T-V-X-Y,R3J,E3
M-N-P-R-S-T-V-X-Y,R3K,E3
M-N-P-R-S-T-V-X-Y,R3L,E3
M-N-P-R-S-T-V-X-Y,R3M,E3
M-N-P-R-S-T-V-X-Y,R3N,E3
M-N-P-R-S-T-V-X-Y,R3P,E3
M-N-P-R-S-T-V-X-Y,R3R,E3
M-N-P-R-S-T-V-X-Y,R3S,E3
M-N-P-R-S-T-V-X-Y,R3T,E3
M-N-P-R-S-T-V-X-Y,R3V,E3
M-N-P-R-S-T-V-X-Y,R3W,E3
M-N-P-R-S-T-V-X-Y,R3X,E3
M-N-P-R-S-T-V-X-Y,R3Y,E3
M-N-P-R-S-T-V-X-Y,R4A,E3
M-N-P-R-S-T-V-X-Y,R4G,E3
M-N-P-R-S-T-V-X-Y,R4H,E3
M-N-P-R-S-T-V-X-Y,R4J,E3
M-N-P-R-S-T-V-X-Y,R4K,F2
M-N-P-R-S-T-V-X-Y,R4L,F2
M-N-P-R-S-T-V-X-Y,R5A,F2
M-N-P-R-S-T-V-X-Y,R5G,F2
M-N-P-R-S-T-V-X-Y,R5H,F2
M-N-P-R-S-T-V-X-Y,R6M,F2
M-N-P-R-S-T-V-X-Y,R6W,F2
M-N-P-R-S-T-V-X-Y,R7A,E5
M-N-P-R-S-T-V-X-Y,R7B,E5
M-N-P-R-S-T-V-X-Y,R7C,E5
M-N-P-R-S-T-V-X-Y,R7N,F2
M-N-P-R-S-T-V-X-Y,R8A,F2
M-N-P-R-S-T-V-X-Y,R8N,F2
M-N-P-R-S-T-V-X-Y,R9A,F2
M-N-P-R-S-T-V-X-Y,S0A,F6
M-N-P-R-S-T-V-X-Y,S0C,F6
M-N-P-R-S-T-V-X-Y,S0E,F6
M-N-P-R-S-T-V-X-Y,S0G,F6
M-N-P-R-S-T-V-X-Y,S0H,F6
M-N-P-R-S-T-V-X-Y,S0J,F6
M-N-P-R-S-T-V-X-Y,S0J,J2
M-N-P-R-S-T-V-X-Y,S0K,F6
M-N-P-R-S-T-V-X-Y,S0L,F6
M-N-P-R-S-T-V-X-Y,S0M,F6
M-N-P-R-S-T-V-X-Y,S0N,F6
M-N-P-R-S-T-V-X-Y,S0P,F6
M-N-P-R-S-T-V-X-Y,S2V,F2
M-N-P-R-S-T-V-X-Y,S3N,F2
M-N-P-R-S-T-V-X-Y,S4A,F2
M-N-P-R-S-T-V-X-Y,S4H,F2
M-N-P-R-S-T-V-X-Y,S4K,E3
M-N-P-R-S-T-V-X-Y,S4L,E3
M-N-P-R-S-T-V-X-Y,S4M,E3
M-N-P-R-S-T-V-X-Y,S4N,E3
M-N-P-R-S-T-V-X-Y,S4P,E3
M-N-P-R-S-T-V-X-Y,S4R,E3
M-N-P-R-S-T-V-X-Y,S4S,E3
M-N-P-R-S-T-V-X-Y,S4T,E3
M-N-P-R-S-T-V-X-Y,S4V,E3
M-N-P-R-S-T-V-X-Y,S4W,E3
M-N-P-R-S-T-V-X-Y,S4X,E3
M-N-P-R-S-T-V-X-Y,S4Y,E3
M-N-P-R-S-T-V-X-Y,S4Z,E3
M-N-P-R-S-T-V-X-Y,S6H,E5
M-N-P-R-S-T-V-X-Y,S6J,E5
M-N-P-R-S-T-V-X-Y,S6K,E5
M-N-P-R-S-T-V-X-Y,S6V,E5
M-N-P-R-S-T-V-X-Y,S6W,E5
M-N-P-R-S-T-V-X-Y,S6X,E5
M-N-P-R-S-T-V-X-Y,S7A,F6
M-N-P-R-S-T-V-X-Y,S7B,F6
M-N-P-R-S-T-V-X-Y,S7C,F6
M-N-P-R-S-T-V-X-Y,S7H,E3
M-N-P-R-S-T-V-X-Y,S7J,E3
M-N-P-R-S-T-V-X-Y,S7K,E3
M-N-P-R-S-T-V-X-Y,S7L,E3
M-N-P-R-S-T-V-X-Y,S7M,E3
M-N-P-R-S-T-V-X-Y,S7N,E3
M-N-P-R-S-T-V-X-Y,S7P,E3
M-N-P-R-S-T-V-X-Y,S7R,E3
M-N-P-R-S-T-V-X-Y,S7S,E3
M-N-P-R-S-T-V-X-Y,S7T,E3
M-N-P-R-S-T-V-X-Y,S7V,E3
M-N-P-R-S-T-V-X-Y,S7W,E3
M-N-P-R-S-T-V-X-Y,S9A,F2
M-N-P-R-S-T-V-X-Y,S9H,F2
M-N-P-R-S-T-V-X-Y,S9V,E5
M-N-P-R-S-T-V-X-Y,S9X,F2
M-N-P-R-S-T-V-X-Y,T0A,H5
M-N-P-R-S-T-V-X-Y,T0B,H5
M-N-P-R-S-T-V-X-Y,T0C,H5
M-N-P-R-S-T-V-X-Y,T0E,H4
M-N-P-R-S-T-V-X-Y,T0G,H5
M-N-P-R-S-T-V-X-Y,T0H,H5
M-N-P-R-S-T-V-X-Y,T0H,J2
M-N-P-R-S-T-V-X-Y,T0J,H5
M-N-P-R-S-T-V-X-Y,T0K,H5
M-N-P-R-S-T-V-X-Y,T0L,H4
M-N-P-R-S-T-V-X-Y,T0M,H4
M-N-P-R-S-T-V-X-Y,T0P,H5
M-N-P-R-S-T-V-X-Y,T0P,J2
M-N-P-R-S-T-V-X-Y,T0V,H5
M-N-P-R-S-T-V-X-Y,T1A,G1
M-N-P-R-S-T-V-X-Y,T1B,G1
M-N-P-R-S-T-V-X-Y,T1C,G1
M-N-P-R-S-T-V-X-Y,T1G,H2
M-N-P-R-S-T-V-X-Y,T1H,G1
M-N-P-R-S-T-V-X-Y,T1J,G1
M-N-P-R-S-T-V-X-Y,T1K,G1
M-N-P-R-S-T-V-X-Y,T1L,H4
M-N-P-R-S-T-V-X-Y,T1M,H2
M-N-P-R-S-T-V-X-Y,T1P,H2
M-N-P-R-S-T-V-X-Y,T1R,H2
M-N-P-R-S-T-V-X-Y,T1S,H2
M-N-P-R-S-T-V-X-Y,T1V,H2
M-N-P-R-S-T-V-X-Y,T1W,H4
M-N-P-R-S-T-V-X-Y,T1X,G2
M-N-P-R-S-T-V-X-Y,T1Y,G2
M-N-P-R-S-T-V-X-Y,T1Z,G2
M-N-P-R-S-T-V-X-Y,T2A,G2
M-N-P-R-S-T-V-X-Y,T2B,G2
M-N-P-R-S-T-V-X-Y,T2C,G2
M-N-P-R-S-T-V-X-Y,T2E,G2
M-N-P-R-S-T-V-X-Y,T2G,G2
M-N-P-R-S-T-V-X-Y,T2H,G2
M-N-P-R-S-T-V-X-Y,T2J,G2
M-N-P-R-S-T-V-X-Y,T2K,G2
M-N-P-R-S-T-V-X-Y,T2L,G2
M-N-P-R-S-T-V-X-Y,T2M,G2
M-N-P-R-S-T-V-X-Y,T2N,G2
M-N-P-R-S-T-V-X-Y,T2P,G2
M-N-P-R-S-T-V-X-Y,T2R,G2
M-N-P-R-S-T-V-X-Y,T2S,G2
M-N-P-R-S-T-V-X-Y,T2T,G2
M-N-P-R-S-T-V-X-Y,T2V,G2
M-N-P-R-S-T-V-X-Y,T2W,G2
M-N-P-R-S-T-V-X-Y,T2X,G2
M-N-P-R-S-T-V-X-Y,T2Y,G2
M-N-P-R-S-T-V-X-Y,T2Z,G2
M-N-P-R-S-T-V-X-Y,T3A,G2
M-N-P-R-S-T-V-X-Y,T3B,G2
M-N-P-R-S-T-V-X-Y,T3C,G2
M-N-P-R-S-T-V-X-Y,T3E,G2
M-N-P-R-S-T-V-X-Y,T3G,G2
M-N-P-R-S-T-V-X-Y,T3H,G2
M-N-P-R-S-T-V-X-Y,T3J,G2
M-N-P-R-S-T-V-X-Y,T3K,G2
M-N-P-R-S-T-V-X-Y,T3L,G2
M-N-P-R-S-T-V-X-Y,T3M,G2
M-N-P-R-S-T-V-X-Y,T3N,G2
M-N-P-R-S-T-V-X-Y,T3P,G2
M-N-P-R-S-T-V-X-Y,T3R,G2
M-N-P-R-S-T-V-X-Y,T3S,G2
M-N-P-R-S-T-V-X-Y,T3Z,G2
M-N-P-R-S-T-V-X-Y,T4A,G2
M-N-P-R-S-T-V-X-Y,T4B,G2
M-N-P-R-S-T-V-X-Y,T4C,H2
M-N-P-R-S-T-V-X-Y,T4E,H2
M-N-P-R-S-T-V-X-Y,T4G,H2
M-N-P-R-S-T-V-X-Y,T4H,H2
M-N-P-R-S-T-V-X-Y,T4J,H2
M-N-P-R-S-T-V-X-Y,T4L,H2
M-N-P-R-S-T-V-X-Y,T4M,G1
M-N-P-R-S-T-V-X-Y,T4N,G1
M-N-P-R-S-T-V-X-Y,T4P,G1
M-N-P-R-S-T-V-X-Y,T4R,G1
M-N-P-R-S-T-V-X-Y,T4S,H2
M-N-P-R-S-T-V-X-Y,T4T,H2
M-N-P-R-S-T-V-X-Y,T4V,H2
M-N-P-R-S-T-V-X-Y,T4X,H2
M-N-P-R-S-T-V-X-Y,T5A,G2
M-N-P-R-S-T-V-X-Y,T5B,G2
M-N-P-R-S-T-V-X-Y,T5C,G2
M-N-P-R-S-T-V-X-Y,T5E,G2
M-N-P-R-S-T-V-X-Y,T5G,G2
M-N-P-R-S-T-V-X-Y,T5H,G2
M-N-P-R-S-T-V-X-Y,T5J,G2
M-N-P-R-S-T-V-X-Y,T5K,G2
M-N-P-R-S-T-V-X-Y,T5L,G2
M-N-P-R-S-T-V-X-Y,T5M,G2
M-N-P-R-S-T-V-X-Y,T5N,G2
M-N-P-R-S-T-V-X-Y,T5P,G2
M-N-P-R-S-T-V-X-Y,T5R,G2
M-N-P-R-S-T-V-X-Y,T5S,G2
M-N-P-R-S-T-V-X-Y,T5T,G2
M-N-P-R-S-T-V-X-Y,T5V,G2
M-N-P-R-S-T-V-X-Y,T5W,G2
M-N-P-R-S-T-V-X-Y,T5X,G2
M-N-P-R-S-T-V-X-Y,T5Y,G2
M-N-P-R-S-T-V-X-Y,T5Z,G2
M-N-P-R-S-T-V-X-Y,T6A,G2
M-N-P-R-S-T-V-X-Y,T6B,G2
M-N-P-R-S-T-V-X-Y,T6C,G2
M-N-P-R-S-T-V-X-Y,T6E,G2
M-N-P-R-S-T-V-X-Y,T6G,G2
M-N-P-R-S-T-V-X-Y,T6H,G2
M-N-P-R-S-T-V-X-Y,T6J,G2
M-N-P-R-S-T-V-X-Y,T6K,G2
M-N-P-R-S-T-V-X-Y,T6L,G2
M-N-P-R-S-T-V-X-Y,T6M,G2
M-N-P-R-S-T-V-X-Y,T6N,G2
M-N-P-R-S-T-V-X-Y,T6P,G2
M-N-P-R-S-T-V-X-Y,T6R,G2
M-N-P-R-S-T-V-X-Y,T6S,G2
M-N-P-R-S-T-V-X-Y,T6T,G2
M-N-P-R-S-T-V-X-Y,T6V,G2
M-N-P-R-S-T-V-X-Y,T6W,G2
M-N-P-R-S-T-V-X-Y,T6X,G2
M-N-P-R-S-T-V-X-Y,T7A,H2
M-N-P-R-S-T-V-X-Y,T7E,H2
M-N-P-R-S-T-V-X-Y,T7N,H2
M-N-P-R-S-T-V-X-Y,T7P,H2
M-N-P-R-S-T-V-X-Y,T7S,H2
M-N-P-R-S-T-V-X-Y,T7V,H2
M-N-P-R-S-T-V-X-Y,T7X,H2
M-N-P-R-S-T-V-X-Y,T7Y,H2
M-N-P-R-S-T-V-X-Y,T7Z,H2
M-N-P-R-S-T-V-X-Y,T8A,G2
M-N-P-R-S-T-V-X-Y,T8B,G2
M-N-P-R-S-T-V-X-Y,T8C,G2
M-N-P-R-S-T-V-X-Y,T8E,G2
M-N-P-R-S-T-V-X-Y,T8G,G2
M-N-P-R-S-T-V-X-Y,T8H,G2
M-N-P-R-S-T-V-X-Y,T8L,H2
M-N-P-R-S-T-V-X-Y,T8N,G2
M-N-P-R-S-T-V-X-Y,T8R,H2
M-N-P-R-S-T-V-X-Y,T8S,H2
M-N-P-R-S-T-V-X-Y,T8T,G2
M-N-P-R-S-T-V-X-Y,T8V,H2
M-N-P-R-S-T-V-X-Y,T8W,H2
M-N-P-R-S-T-V-X-Y,T8X,H2
M-N-P-R-S-T-V-X-Y,T9A,H2
M-N-P-R-S-T-V-X-Y,T9C,H2
M-N-P-R-S-T-V-X-Y,T9E,H2
M-N-P-R-S-T-V-X-Y,T9G,H2
M-N-P-R-S-T-V-X-Y,T9H,H4
M-N-P-R-S-T-V-X-Y,T9J,H4
M-N-P-R-S-T-V-X-Y,T9K,H4
M-N-P-R-S-T-V-X-Y,T9M,H2
M-N-P-R-S-T-V-X-Y,T9N,H2
M-N-P-R-S-T-V-X-Y,T9S,H2
M-N-P-R-S-T-V-X-Y,T9V,E5
M-N-P-R-S-T-V-X-Y,T9W,H2
M-N-P-R-S-T-V-X-Y,T9X,H2
M-N-P-R-S-T-V-X-Y,V0A,H4
M-N-P-R-S-T-V-X-Y,V0B,H4
M-N-P-R-S-T-V-X-Y,V0C,H5
M-N-P-R-S-T-V-X-Y,V0E,H4
M-N-P-R-S-T-V-X-Y,V0G,H4
M-N-P-R-S-T-V-X-Y,V0H,H4
M-N-P-R-S-T-V-X-Y,V0J,H5
M-N-P-R-S-T-V-X-Y,V0J,J2
M-N-P-R-S-T-V-X-Y,V0K,H5
M-N-P-R-S-T-V-X-Y,V0L,H5
M-N-P-R-S-T-V-X-Y,V0M,H5
M-N-P-R-S-T-V-X-Y,V0N,H4
M-N-P-R-S-T-V-X-Y,V0N,J2
M-N-P-R-S-T-V-X-Y,V0P,H4
M-N-P-R-S-T-V-X-Y,V0P,J2
M-N-P-R-S-T-V-X-Y,V0R,H4
M-N-P-R-S-T-V-X-Y,V0R,J2
M-N-P-R-S-T-V-X-Y,V0S,H4
M-N-P-R-S-T-V-X-Y,V0T,H5
M-N-P-R-S-T-V-X-Y,V0T,J2
M-N-P-R-S-T-V-X-Y,V0V,H5
M-N-P-R-S-T-V-X-Y,V0V,J2
M-N-P-R-S-T-V-X-Y,V0W,H5
M-N-P-R-S-T-V-X-Y,V0X,H5
M-N-P-R-S-T-V-X-Y,V0Y,G3
M-N-P-R-S-T-V-X-Y,V1A,H2
M-N-P-R-S-T-V-X-Y,V1B,G1
M-N-P-R-S-T-V-X-Y,V1C,H2
M-N-P-R-S-T-V-X-Y,V1E,H2
M-N-P-R-S-T-V-X-Y,V1G,H2
M-N-P-R-S-T-V-X-Y,V1H,G1
M-N-P-R-S-T-V-X-Y,V1J,H2
M-N-P-R-S-T-V-X-Y,V1K,H2
M-N-P-R-S-T-V-X-Y,V1L,H2
M-N-P-R-S-T-V-X-Y,V1M,G3
M-N-P-R-S-T-V-X-Y,V1N,H2
M-N-P-R-S-T-V-X-Y,V1P,G1
M-N-P-R-S-T-V-X-Y,V1R,H2
M-N-P-R-S-T-V-X-Y,V1S,G1
M-N-P-R-S-T-V-X-Y,V1T,G1
M-N-P-R-S-T-V-X-Y,V1V,G1
M-N-P-R-S-T-V-X-Y,V1W,G1
M-N-P-R-S-T-V-X-Y,V1X,G1
M-N-P-R-S-T-V-X-Y,V1Y,G1
M-N-P-R-S-T-V-X-Y,V1Z,G1
M-N-P-R-S-T-V-X-Y,V2A,H2
M-N-P-R-S-T-V-X-Y,V2B,G1
M-N-P-R-S-T-V-X-Y,V2C,G1
M-N-P-R-S-T-V-X-Y,V2E,G1
M-N-P-R-S-T-V-X-Y,V2G,H2
M-N-P-R-S-T-V-X-Y,V2H,G1
M-N-P-R-S-T-V-X-Y,V2J,H2
M-N-P-R-S-T-V-X-Y,V2K,G1
M-N-P-R-S-T-V-X-Y,V2L,G1
M-N-P-R-S-T-V-X-Y,V2M,G1
M-N-P-R-S-T-V-X-Y,V2N,G1
M-N-P-R-S-T-V-X-Y,V2P,G1
M-N-P-R-S-T-V-X-Y,V2R,G1
M-N-P-R-S-T-V-X-Y,V2S,G3
M-N-P-R-S-T-V-X-Y,V2T,G3
M-N-P-R-S-T-V-X-Y,V2V,G3
M-N-P-R-S-T-V-X-Y,V2W,G3
M-N-P-R-S-T-V-X-Y,V2X,G3
M-N-P-R-S-T-V-X-Y,V2Y,G3
M-N-P-R-S-T-V-X-Y,V2Z,G3
M-N-P-R-S-T-V-X-Y,V3A,G3
M-N-P-R-S-T-V-X-Y,V3B,G3
M-N-P-R-S-T-V-X-Y,V3C,G3
M-N-P-R-S-T-V-X-Y,V3E,G3
M-N-P-R-S-T-V-X-Y,V3G,G3
M-N-P-R-S-T-V-X-Y,V3H,G3
M-N-P-R-S-T-V-X-Y,V3J,G3
M-N-P-R-S-T-V-X-Y,V3K,G3
M-N-P-R-S-T-V-X-Y,V3L,G3
M-N-P-R-S-T-V-X-Y,V3M,G3
M-N-P-R-S-T-V-X-Y,V3N,G3
M-N-P-R-S-T-V-X-Y,V3R,G3
M-N-P-R-S-T-V-X-Y,V3S,G3
M-N-P-R-S-T-V-X-Y,V3T,G3
M-N-P-R-S-T-V-X-Y,V3V,G3
M-N-P-R-S-T-V-X-Y,V3W,G3
M-N-P-R-S-T-V-X-Y,V3X,G3
M-N-P-R-S-T-V-X-Y,V3Y,G3
M-N-P-R-S-T-V-X-Y,V3Z,G3
M-N-P-R-S-T-V-X-Y,V4A,G3
M-N-P-R-S-T-V-X-Y,V4B,G3
M-N-P-R-S-T-V-X-Y,V4C,G3
M-N-P-R-S-T-V-X-Y,V4E,G3
M-N-P-R-S-T-V-X-Y,V4G,G3
M-N-P-R-S-T-V-X-Y,V4K,G3
M-N-P-R-S-T-V-X-Y,V4L,G3
M-N-P-R-S-T-V-X-Y,V4M,G3
M-N-P-R-S-T-V-X-Y,V4N,G3
M-N-P-R-S-T-V-X-Y,V4P,G3
M-N-P-R-S-T-V-X-Y,V4R,G3
M-N-P-R-S-T-V-X-Y,V4S,G3
M-N-P-R-S-T-V-X-Y,V4T,G1
M-N-P-R-S-T-V-X-Y,V4V,H2
M-N-P-R-S-T-V-X-Y,V4W,G3
M-N-P-R-S-T-V-X-Y,V4X,G3
M-N-P-R-S-T-V-X-Y,V4Z,G1
M-N-P-R-S-T-V-X-Y,V5A,G3
M-N-P-R-S-T-V-X-Y,V5B,G3
M-N-P-R-S-T-V-X-Y,V5C,G3
M-N-P-R-S-T-V-X-Y,V5E,G3
M-N-P-R-S-T-V-X-Y,V5G,G3
M-N-P-R-S-T-V-X-Y,V5H,G3
M-N-P-R-S-T-V-X-Y,V5J,G3
M-N-P-R-S-T-V-X-Y,V5K,G3
M-N-P-R-S-T-V-X-Y,V5L,G3
M-N-P-R-S-T-V-X-Y,V5M,G3
M-N-P-R-S-T-V-X-Y,V5N,G3
M-N-P-R-S-T-V-X-Y,V5P,G3
M-N-P-R-S-T-V-X-Y,V5R,G3
M-N-P-R-S-T-V-X-Y,V5S,G3
M-N-P-R-S-T-V-X-Y,V5T,G3
M-N-P-R-S-T-V-X-Y,V5V,G3
M-N-P-R-S-T-V-X-Y,V5W,G3
M-N-P-R-S-T-V-X-Y,V5X,G3
M-N-P-R-S-T-V-X-Y,V5Y,G3
M-N-P-R-S-T-V-X-Y,V5Z,G3
M-N-P-R-S-T-V-X-Y,V6A,G3
M-N-P-R-S-T-V-X-Y,V6B,G3
M-N-P-R-S-T-V-X-Y,V6C,G3
M-N-P-R-S-T-V-X-Y,V6E,G3
M-N-P-R-S-T-V-X-Y,V6G,G3
M-N-P-R-S-T-V-X-Y,V6H,G3
M-N-P-R-S-T-V-X-Y,V6J,G3
M-N-P-R-S-T-V-X-Y,V6K,G3
M-N-P-R-S-T-V-X-Y,V6L,G3
M-N-P-R-S-T-V-X-Y,V6M,G3
M-N-P-R-S-T-V-X-Y,V6N,G3
M-N-P-R-S-T-V-X-Y,V6P,G3
M-N-P-R-S-T-V-X-Y,V6R,G3
M-N-P-R-S-T-V-X-Y,V6S,G3
M-N-P-R-S-T-V-X-Y,V6T,G3
M-N-P-R-S-T-V-X-Y,V6V,G3
M-N-P-R-S-T-V-X-Y,V6W,G3
M-N-P-R-S-T-V-X-Y,V6X,G3
M-N-P-R-S-T-V-X-Y,V6Y,G3
M-N-P-R-S-T-V-X-Y,V6Z,G3
M-N-P-R-S-T-V-X-Y,V7A,G3
M-N-P-R-S-T-V-X-Y,V7B,G3
M-N-P-R-S-T-V-X-Y,V7C,G3
M-N-P-R-S-T-V-X-Y,V7E,G3
M-N-P-R-S-T-V-X-Y,V7G,G3
M-N-P-R-S-T-V-X-Y,V7H,G3
M-N-P-R-S-T-V-X-Y,V7J,G3
M-N-P-R-S-T-V-X-Y,V7K,G3
M-N-P-R-S-T-V-X-Y,V7L,G3
M-N-P-R-S-T-V-X-Y,V7M,G3
M-N-P-R-S-T-V-X-Y,V7N,G3
M-N-P-R-S-T-V-X-Y,V7P,G3
M-N-P-R-S-T-V-X-Y,V7R,G3
M-N-P-R-S-T-V-X-Y,V7S,G3
M-N-P-R-S-T-V-X-Y,V7T,G3
M-N-P-R-S-T-V-X-Y,V7V,G3
M-N-P-R-S-T-V-X-Y,V7W,G3
M-N-P-R-S-T-V-X-Y,V7X,G3
M-N-P-R-S-T-V-X-Y,V7Y,G3
M-N-P-R-S-T-V-X-Y,V8A,H2
M-N-P-R-S-T-V-X-Y,V8B,H2
M-N-P-R-S-T-V-X-Y,V8C,H2
M-N-P-R-S-T-V-X-Y,V8G,H2
M-N-P-R-S-T-V-X-Y,V8J,H2
M-N-P-R-S-T-V-X-Y,V8K,H2
M-N-P-R-S-T-V-X-Y,V8L,H2
M-N-P-R-S-T-V-X-Y,V8M,G1
M-N-P-R-S-T-V-X-Y,V8N,G1
M-N-P-R-S-T-V-X-Y,V8P,G1
M-N-P-R-S-T-V-X-Y,V8R,G1
M-N-P-R-S-T-V-X-Y,V8S,G1
M-N-P-R-S-T-V-X-Y,V8T,G1
M-N-P-R-S-T-V-X-Y,V8V,G1
M-N-P-R-S-T-V-X-Y,V8W,G1
M-N-P-R-S-T-V-X-Y,V8X,G1
M-N-P-R-S-T-V-X-Y,V8Y,G1
M-N-P-R-S-T-V-X-Y,V8Z,G1
M-N-P-R-S-T-V-X-Y,V9A,G1
M-N-P-R-S-T-V-X-Y,V9B,G1
M-N-P-R-S-T-V-X-Y,V9C,G1
M-N-P-R-S-T-V-X-Y,V9E,G1
M-N-P-R-S-T-V-X-Y,V9G,H2
M-N-P-R-S-T-V-X-Y,V9H,H2
M-N-P-R-S-T-V-X-Y,V9J,H2
M-N-P-R-S-T-V-X-Y,V9K,H2
M-N-P-R-S-T-V-X-Y,V9L,H2
M-N-P-R-S-T-V-X-Y,V9M,H2
M-N-P-R-S-T-V-X-Y,V9N,H2
M-N-P-R-S-T-V-X-Y,V9P,H2
M-N-P-R-S-T-V-X-Y,V9R,G1
M-N-P-R-S-T-V-X-Y,V9S,G1
M-N-P-R-S-T-V-X-Y,V9T,G1
M-N-P-R-S-T-V-X-Y,V9V,G1
M-N-P-R-S-T-V-X-Y,V9W,H2
M-N-P-R-S-T-V-X-Y,V9X,G1
M-N-P-R-S-T-V-X-Y,V9Y,H2
M-N-P-R-S-T-V-X-Y,V9Z,H2
M-N-P-R-S-T-V-X-Y,X0A,H5
M-N-P-R-S-T-V-X-Y,X0A,J2
M-N-P-R-S-T-V-X-Y,X0B,H5
M-N-P-R-S-T-V-X-Y,X0B,J2
M-N-P-R-S-T-V-X-Y,X0C,H5
M-N-P-R-S-T-V-X-Y,X0C,J2
M-N-P-R-S-T-V-X-Y,X0E,H5
M-N-P-R-S-T-V-X-Y,X0E,J2
M-N-P-R-S-T-V-X-Y,X0G,H5
M-N-P-R-S-T-V-X-Y,X1A,G1
M-N-P-R-S-T-V-X-Y,Y0A,H5
M-N-P-R-S-T-V-X-Y,Y0B,H5
M-N-P-R-S-T-V-X-Y,Y0B,J2
M-N-P-R-S-T-V-X-Y,Y1A,G1